COUNTRY,DATATYPE,PRODUCT,FLOW,TIME,VALUE
AUSTRALI,BALANCE,NATGASCM,GDINCTRO,2020,57291.0
AUSTRALI,BALANCE,NATGASCM,GDINCTRO,2021,55420.0
AUSTRALI,BALANCE,NATGASCM,GDINCTRO,4Q2022,14005.0
AUSTRALI,BALANCE,NATGASCM,GDINCTRO,DEC2021,4436.0
AUSTRALI,BALANCE,NATGASCM,GDINCTRO,DEC2022,4556.0
AUSTRALI,BALANCE,NATGASCM,GDINCTRO,YTD2021,55420.0
AUSTRALI,BALANCE,NATGASCM,GDINCTRO,YTD2022,58284.0
AUSTRALI,BALANCE,NATGASCM,INDPROD,2020,153014.0
AUSTRALI,BALANCE,NATGASCM,INDPROD,2021,156154.0
AUSTRALI,BALANCE,NATGASCM,INDPROD,4Q2022,41361.0
AUSTRALI,BALANCE,NATGASCM,INDPROD,DEC2021,13225.0
AUSTRALI,BALANCE,NATGASCM,INDPROD,DEC2022,13831.0
AUSTRALI,BALANCE,NATGASCM,INDPROD,YTD2021,156154.0
AUSTRALI,BALANCE,NATGASCM,INDPROD,YTD2022,162973.0
AUSTRALI,BALANCE,NATGASCM,TOTENTSB,2020,6711.0
AUSTRALI,BALANCE,NATGASCM,TOTENTSB,2021,6069.0
AUSTRALI,BALANCE,NATGASCM,TOTENTSB,4Q2022,481.0
AUSTRALI,BALANCE,NATGASCM,TOTENTSB,DEC2021,473.0
AUSTRALI,BALANCE,NATGASCM,TOTENTSB,DEC2022,105.0
AUSTRALI,BALANCE,NATGASCM,TOTENTSB,YTD2021,6069.0
AUSTRALI,BALANCE,NATGASCM,TOTENTSB,YTD2022,2892.0
AUSTRALI,BALANCE,NATGASCM,TOTEXTSB,2020,102434.0
AUSTRALI,BALANCE,NATGASCM,TOTEXTSB,2021,106803.0
AUSTRALI,BALANCE,NATGASCM,TOTEXTSB,4Q2022,27777.0
AUSTRALI,BALANCE,NATGASCM,TOTEXTSB,DEC2021,9262.0
AUSTRALI,BALANCE,NATGASCM,TOTEXTSB,DEC2022,9380.0
AUSTRALI,BALANCE,NATGASCM,TOTEXTSB,YTD2021,106803.0
AUSTRALI,BALANCE,NATGASCM,TOTEXTSB,YTD2022,107521.0
AUSTRIA,BALANCE,NATGASCM,GDINCTRO,2020,8823.864
AUSTRIA,BALANCE,NATGASCM,GDINCTRO,2021,9343.52
AUSTRIA,BALANCE,NATGASCM,GDINCTRO,4Q2022,2326.732
AUSTRIA,BALANCE,NATGASCM,GDINCTRO,DEC2021,1169.719
AUSTRIA,BALANCE,NATGASCM,GDINCTRO,DEC2022,965.238
AUSTRIA,BALANCE,NATGASCM,GDINCTRO,YTD2021,9343.52
AUSTRIA,BALANCE,NATGASCM,GDINCTRO,YTD2022,8149.663
AUSTRIA,BALANCE,NATGASCM,INDPROD,2020,786.796
AUSTRIA,BALANCE,NATGASCM,INDPROD,2021,708.413
AUSTRIA,BALANCE,NATGASCM,INDPROD,4Q2022,142.756
AUSTRIA,BALANCE,NATGASCM,INDPROD,DEC2021,66.408
AUSTRIA,BALANCE,NATGASCM,INDPROD,DEC2022,46.074
AUSTRIA,BALANCE,NATGASCM,INDPROD,YTD2021,708.413
AUSTRIA,BALANCE,NATGASCM,INDPROD,YTD2022,646.239
AUSTRIA,BALANCE,NATGASCM,STCHANAT,2020,-1586.326
AUSTRIA,BALANCE,NATGASCM,STCHANAT,2021,-3891.27
AUSTRIA,BALANCE,NATGASCM,STCHANAT,4Q2022,574.83
AUSTRIA,BALANCE,NATGASCM,STCHANAT,DEC2021,-1074.698
AUSTRIA,BALANCE,NATGASCM,STCHANAT,DEC2022,-594.803
AUSTRIA,BALANCE,NATGASCM,STCHANAT,YTD2021,-3891.27
AUSTRIA,BALANCE,NATGASCM,STCHANAT,YTD2022,4644.846
AUSTRIA,BALANCE,NATGASCM,TOTENTSB,2020,45079.507
AUSTRIA,BALANCE,NATGASCM,TOTENTSB,2021,41461.888
AUSTRIA,BALANCE,NATGASCM,TOTENTSB,4Q2022,5329.058
AUSTRIA,BALANCE,NATGASCM,TOTENTSB,DEC2021,3689.263
AUSTRIA,BALANCE,NATGASCM,TOTENTSB,DEC2022,1541.55
AUSTRIA,BALANCE,NATGASCM,TOTENTSB,YTD2021,41461.888
AUSTRIA,BALANCE,NATGASCM,TOTENTSB,YTD2022,31235.448
AUSTRIA,BALANCE,NATGASCM,TOTEXTSB,2020,38618.075
AUSTRIA,BALANCE,NATGASCM,TOTEXTSB,2021,36707.595
AUSTRIA,BALANCE,NATGASCM,TOTEXTSB,4Q2022,2577.215
AUSTRIA,BALANCE,NATGASCM,TOTEXTSB,DEC2021,3655.691
AUSTRIA,BALANCE,NATGASCM,TOTEXTSB,DEC2022,1219.497
AUSTRIA,BALANCE,NATGASCM,TOTEXTSB,YTD2021,36707.595
AUSTRIA,BALANCE,NATGASCM,TOTEXTSB,YTD2022,19106.567
BELGIUM,BALANCE,NATGASCM,GDINCTRO,2020,18276.0
BELGIUM,BALANCE,NATGASCM,GDINCTRO,2021,18343.4
BELGIUM,BALANCE,NATGASCM,GDINCTRO,4Q2022,4342.2
BELGIUM,BALANCE,NATGASCM,GDINCTRO,DEC2021,2010.1
BELGIUM,BALANCE,NATGASCM,GDINCTRO,DEC2022,1868.2
BELGIUM,BALANCE,NATGASCM,GDINCTRO,YTD2021,18343.4
BELGIUM,BALANCE,NATGASCM,GDINCTRO,YTD2022,15737.3
BELGIUM,BALANCE,NATGASCM,INDPROD,2020,6.9
BELGIUM,BALANCE,NATGASCM,INDPROD,2021,13.2
BELGIUM,BALANCE,NATGASCM,INDPROD,4Q2022,7.6
BELGIUM,BALANCE,NATGASCM,INDPROD,DEC2021,1.4
BELGIUM,BALANCE,NATGASCM,INDPROD,DEC2022,2.5
BELGIUM,BALANCE,NATGASCM,INDPROD,YTD2021,13.2
BELGIUM,BALANCE,NATGASCM,INDPROD,YTD2022,27.3
BELGIUM,BALANCE,NATGASCM,STCHANAT,2020,-147.3
BELGIUM,BALANCE,NATGASCM,STCHANAT,2021,-13.9
BELGIUM,BALANCE,NATGASCM,STCHANAT,4Q2022,-192.2
BELGIUM,BALANCE,NATGASCM,STCHANAT,DEC2021,-38.0
BELGIUM,BALANCE,NATGASCM,STCHANAT,DEC2022,-128.9
BELGIUM,BALANCE,NATGASCM,STCHANAT,YTD2021,-13.9
BELGIUM,BALANCE,NATGASCM,STCHANAT,YTD2022,135.6
BELGIUM,BALANCE,NATGASCM,TOTENTSB,2020,42696.4
BELGIUM,BALANCE,NATGASCM,TOTENTSB,2021,41005.2
BELGIUM,BALANCE,NATGASCM,TOTENTSB,4Q2022,15962.3
BELGIUM,BALANCE,NATGASCM,TOTENTSB,DEC2021,4046.1
BELGIUM,BALANCE,NATGASCM,TOTENTSB,DEC2022,5577.8
BELGIUM,BALANCE,NATGASCM,TOTENTSB,YTD2021,41005.2
BELGIUM,BALANCE,NATGASCM,TOTENTSB,YTD2022,61082.7
BELGIUM,BALANCE,NATGASCM,TOTEXTSB,2020,24630.7
BELGIUM,BALANCE,NATGASCM,TOTEXTSB,2021,22707.729
BELGIUM,BALANCE,NATGASCM,TOTEXTSB,4Q2022,11825.0
BELGIUM,BALANCE,NATGASCM,TOTEXTSB,DEC2021,2073.8
BELGIUM,BALANCE,NATGASCM,TOTEXTSB,DEC2022,3848.8
BELGIUM,BALANCE,NATGASCM,TOTEXTSB,YTD2021,22707.729
BELGIUM,BALANCE,NATGASCM,TOTEXTSB,YTD2022,45206.4
CANADA,BALANCE,NATGASCM,GDINCTRO,2020,133021.767
CANADA,BALANCE,NATGASCM,GDINCTRO,2021,137805.594
CANADA,BALANCE,NATGASCM,GDINCTRO,4Q2022,40870.119
CANADA,BALANCE,NATGASCM,GDINCTRO,DEC2021,15172.642
CANADA,BALANCE,NATGASCM,GDINCTRO,DEC2022,15904.892
CANADA,BALANCE,NATGASCM,GDINCTRO,YTD2021,137805.594
CANADA,BALANCE,NATGASCM,GDINCTRO,YTD2022,143011.495
CANADA,BALANCE,NATGASCM,INDPROD,2020,183527.509
CANADA,BALANCE,NATGASCM,INDPROD,2021,190348.203
CANADA,BALANCE,NATGASCM,INDPROD,4Q2022,52569.605
CANADA,BALANCE,NATGASCM,INDPROD,DEC2021,16888.573
CANADA,BALANCE,NATGASCM,INDPROD,DEC2022,17780.92
CANADA,BALANCE,NATGASCM,INDPROD,YTD2021,190348.203
CANADA,BALANCE,NATGASCM,INDPROD,YTD2022,202990.771
CANADA,BALANCE,NATGASCM,STCHANAT,2020,3216.792
CANADA,BALANCE,NATGASCM,STCHANAT,2021,-2810.319
CANADA,BALANCE,NATGASCM,STCHANAT,4Q2022,-3270.203
CANADA,BALANCE,NATGASCM,STCHANAT,DEC2021,-2485.006
CANADA,BALANCE,NATGASCM,STCHANAT,DEC2022,-3732.946
CANADA,BALANCE,NATGASCM,STCHANAT,YTD2021,-2810.319
CANADA,BALANCE,NATGASCM,STCHANAT,YTD2022,-1670.141
CANADA,BALANCE,NATGASCM,TOTENTSB,2020,23641.962
CANADA,BALANCE,NATGASCM,TOTENTSB,2021,24207.29
CANADA,BALANCE,NATGASCM,TOTENTSB,4Q2022,7028.897
CANADA,BALANCE,NATGASCM,TOTENTSB,DEC2021,2880.44
CANADA,BALANCE,NATGASCM,TOTENTSB,DEC2022,2601.907
CANADA,BALANCE,NATGASCM,TOTENTSB,YTD2021,24207.29
CANADA,BALANCE,NATGASCM,TOTENTSB,YTD2022,24396.603
CANADA,BALANCE,NATGASCM,TOTEXTSB,2020,70930.912
CANADA,BALANCE,NATGASCM,TOTEXTSB,2021,79560.218
CANADA,BALANCE,NATGASCM,TOTEXTSB,4Q2022,21998.586
CANADA,BALANCE,NATGASCM,TOTEXTSB,DEC2021,7081.377
CANADA,BALANCE,NATGASCM,TOTEXTSB,DEC2022,8210.881
CANADA,BALANCE,NATGASCM,TOTEXTSB,YTD2021,79560.218
CANADA,BALANCE,NATGASCM,TOTEXTSB,YTD2022,86046.02
CHILE,BALANCE,NATGASCM,GDINCTRO,2020,6233.0
CHILE,BALANCE,NATGASCM,GDINCTRO,2021,6270.0
CHILE,BALANCE,NATGASCM,GDINCTRO,4Q2022,1583.0
CHILE,BALANCE,NATGASCM,GDINCTRO,DEC2021,537.0
CHILE,BALANCE,NATGASCM,GDINCTRO,DEC2022,563.0
CHILE,BALANCE,NATGASCM,GDINCTRO,YTD2021,6270.0
CHILE,BALANCE,NATGASCM,GDINCTRO,YTD2022,6855.0
CHILE,BALANCE,NATGASCM,INDPROD,2020,1402.0
CHILE,BALANCE,NATGASCM,INDPROD,2021,1275.0
CHILE,BALANCE,NATGASCM,INDPROD,4Q2022,352.0
CHILE,BALANCE,NATGASCM,INDPROD,DEC2021,105.0
CHILE,BALANCE,NATGASCM,INDPROD,DEC2022,112.0
CHILE,BALANCE,NATGASCM,INDPROD,YTD2021,1275.0
CHILE,BALANCE,NATGASCM,INDPROD,YTD2022,1387.0
CHILE,BALANCE,NATGASCM,STCHANAT,2020,-36.0
CHILE,BALANCE,NATGASCM,STCHANAT,2021,15.0
CHILE,BALANCE,NATGASCM,STCHANAT,4Q2022,84.0
CHILE,BALANCE,NATGASCM,STCHANAT,DEC2021,-48.0
CHILE,BALANCE,NATGASCM,STCHANAT,DEC2022,-13.0
CHILE,BALANCE,NATGASCM,STCHANAT,YTD2021,15.0
CHILE,BALANCE,NATGASCM,STCHANAT,YTD2022,63.0
CHILE,BALANCE,NATGASCM,TOTENTSB,2020,4865.0
CHILE,BALANCE,NATGASCM,TOTENTSB,2021,4488.5
CHILE,BALANCE,NATGASCM,TOTENTSB,4Q2022,1302.8
CHILE,BALANCE,NATGASCM,TOTENTSB,DEC2021,319.7
CHILE,BALANCE,NATGASCM,TOTENTSB,DEC2022,402.8
CHILE,BALANCE,NATGASCM,TOTENTSB,YTD2021,4488.5
CHILE,BALANCE,NATGASCM,TOTENTSB,YTD2022,5356.1
CZECH,BALANCE,NATGASCM,GDINCTRO,2020,8821.022
CZECH,BALANCE,NATGASCM,GDINCTRO,2021,9458.997
CZECH,BALANCE,NATGASCM,GDINCTRO,4Q2022,2261.039
CZECH,BALANCE,NATGASCM,GDINCTRO,DEC2021,1128.916
CZECH,BALANCE,NATGASCM,GDINCTRO,DEC2022,973.033
CZECH,BALANCE,NATGASCM,GDINCTRO,YTD2021,9458.997
CZECH,BALANCE,NATGASCM,GDINCTRO,YTD2022,7608.669
CZECH,BALANCE,NATGASCM,INDPROD,2020,196.075
CZECH,BALANCE,NATGASCM,INDPROD,2021,203.801
CZECH,BALANCE,NATGASCM,INDPROD,4Q2022,58.291
CZECH,BALANCE,NATGASCM,INDPROD,DEC2021,19.391
CZECH,BALANCE,NATGASCM,INDPROD,DEC2022,19.74
CZECH,BALANCE,NATGASCM,INDPROD,YTD2021,203.801
CZECH,BALANCE,NATGASCM,INDPROD,YTD2022,223.58
CZECH,BALANCE,NATGASCM,STCHANAT,2020,-1036.832
CZECH,BALANCE,NATGASCM,STCHANAT,2021,-536.3
CZECH,BALANCE,NATGASCM,STCHANAT,4Q2022,-88.153
CZECH,BALANCE,NATGASCM,STCHANAT,DEC2021,-696.882
CZECH,BALANCE,NATGASCM,STCHANAT,DEC2022,-393.665
CZECH,BALANCE,NATGASCM,STCHANAT,YTD2021,-536.3
CZECH,BALANCE,NATGASCM,STCHANAT,YTD2022,1232.328
CZECH,BALANCE,NATGASCM,TOTENTSB,2020,43481.571
CZECH,BALANCE,NATGASCM,TOTENTSB,2021,45652.259
CZECH,BALANCE,NATGASCM,TOTENTSB,4Q2022,2905.058
CZECH,BALANCE,NATGASCM,TOTENTSB,DEC2021,3018.095
CZECH,BALANCE,NATGASCM,TOTENTSB,DEC2022,615.205
CZECH,BALANCE,NATGASCM,TOTENTSB,YTD2021,45652.259
CZECH,BALANCE,NATGASCM,TOTENTSB,YTD2022,27084.576
CZECH,BALANCE,NATGASCM,TOTEXTSB,2020,35893.456
CZECH,BALANCE,NATGASCM,TOTEXTSB,2021,36933.363
CZECH,BALANCE,NATGASCM,TOTEXTSB,4Q2022,790.463
CZECH,BALANCE,NATGASCM,TOTEXTSB,DEC2021,2605.452
CZECH,BALANCE,NATGASCM,TOTEXTSB,DEC2022,55.577
CZECH,BALANCE,NATGASCM,TOTEXTSB,YTD2021,36933.363
CZECH,BALANCE,NATGASCM,TOTEXTSB,YTD2022,18467.159
DENMARK,BALANCE,NATGASCM,GDINCTRO,2020,2817.43
DENMARK,BALANCE,NATGASCM,GDINCTRO,2021,2957.98
DENMARK,BALANCE,NATGASCM,GDINCTRO,4Q2022,658.212
DENMARK,BALANCE,NATGASCM,GDINCTRO,DEC2021,337.721
DENMARK,BALANCE,NATGASCM,GDINCTRO,DEC2022,292.117
DENMARK,BALANCE,NATGASCM,GDINCTRO,YTD2021,2957.98
DENMARK,BALANCE,NATGASCM,GDINCTRO,YTD2022,2412.594
DENMARK,BALANCE,NATGASCM,INDPROD,2020,1840.411
DENMARK,BALANCE,NATGASCM,INDPROD,2021,1862.545
DENMARK,BALANCE,NATGASCM,INDPROD,4Q2022,614.013
DENMARK,BALANCE,NATGASCM,INDPROD,DEC2021,166.089
DENMARK,BALANCE,NATGASCM,INDPROD,DEC2022,198.832
DENMARK,BALANCE,NATGASCM,INDPROD,YTD2021,1862.545
DENMARK,BALANCE,NATGASCM,INDPROD,YTD2022,2168.247
DENMARK,BALANCE,NATGASCM,STCHANAT,2020,-27.634
DENMARK,BALANCE,NATGASCM,STCHANAT,2021,-298.242
DENMARK,BALANCE,NATGASCM,STCHANAT,4Q2022,4.439
DENMARK,BALANCE,NATGASCM,STCHANAT,DEC2021,-39.057
DENMARK,BALANCE,NATGASCM,STCHANAT,DEC2022,-64.045
DENMARK,BALANCE,NATGASCM,STCHANAT,YTD2021,-298.242
DENMARK,BALANCE,NATGASCM,STCHANAT,YTD2022,251.103
DENMARK,BALANCE,NATGASCM,TOTENTSB,2020,2663.09
DENMARK,BALANCE,NATGASCM,TOTENTSB,2021,2499.038
DENMARK,BALANCE,NATGASCM,TOTENTSB,4Q2022,1186.284
DENMARK,BALANCE,NATGASCM,TOTENTSB,DEC2021,316.89
DENMARK,BALANCE,NATGASCM,TOTENTSB,DEC2022,538.745
DENMARK,BALANCE,NATGASCM,TOTENTSB,YTD2021,2499.038
DENMARK,BALANCE,NATGASCM,TOTENTSB,YTD2022,2775.351
DENMARK,BALANCE,NATGASCM,TOTEXTSB,2020,1714.163
DENMARK,BALANCE,NATGASCM,TOTEXTSB,2021,1702.182
DENMARK,BALANCE,NATGASCM,TOTEXTSB,4Q2022,1140.264
DENMARK,BALANCE,NATGASCM,TOTEXTSB,DEC2021,182.754
DENMARK,BALANCE,NATGASCM,TOTEXTSB,DEC2022,507.708
DENMARK,BALANCE,NATGASCM,TOTEXTSB,YTD2021,1702.182
DENMARK,BALANCE,NATGASCM,TOTEXTSB,YTD2022,2299.576
ESTONIA,BALANCE,NATGASCM,GDINCTRO,2020,421.0
ESTONIA,BALANCE,NATGASCM,GDINCTRO,2021,477.4
ESTONIA,BALANCE,NATGASCM,GDINCTRO,4Q2022,91.1
ESTONIA,BALANCE,NATGASCM,GDINCTRO,DEC2021,72.4
ESTONIA,BALANCE,NATGASCM,GDINCTRO,DEC2022,42.8
ESTONIA,BALANCE,NATGASCM,GDINCTRO,YTD2021,477.4
ESTONIA,BALANCE,NATGASCM,GDINCTRO,YTD2022,353.4
ESTONIA,BALANCE,NATGASCM,TOTENTSB,2020,421.0
ESTONIA,BALANCE,NATGASCM,TOTENTSB,2021,477.4
ESTONIA,BALANCE,NATGASCM,TOTENTSB,4Q2022,91.1
ESTONIA,BALANCE,NATGASCM,TOTENTSB,DEC2021,72.4
ESTONIA,BALANCE,NATGASCM,TOTENTSB,DEC2022,42.8
ESTONIA,BALANCE,NATGASCM,TOTENTSB,YTD2021,477.4
ESTONIA,BALANCE,NATGASCM,TOTENTSB,YTD2022,353.4
FINLAND,BALANCE,NATGASCM,GDINCTRO,2020,2430.5
FINLAND,BALANCE,NATGASCM,GDINCTRO,2021,2419.765
FINLAND,BALANCE,NATGASCM,GDINCTRO,4Q2022,237.232
FINLAND,BALANCE,NATGASCM,GDINCTRO,DEC2021,254.895
FINLAND,BALANCE,NATGASCM,GDINCTRO,DEC2022,89.095
FINLAND,BALANCE,NATGASCM,GDINCTRO,YTD2021,2419.765
FINLAND,BALANCE,NATGASCM,GDINCTRO,YTD2022,1280.401
FINLAND,BALANCE,NATGASCM,INDPROD,2020,12.0
FINLAND,BALANCE,NATGASCM,INDPROD,2021,12.0
FINLAND,BALANCE,NATGASCM,INDPROD,4Q2022,3.0
FINLAND,BALANCE,NATGASCM,INDPROD,DEC2021,1.0
FINLAND,BALANCE,NATGASCM,INDPROD,DEC2022,1.0
FINLAND,BALANCE,NATGASCM,INDPROD,YTD2021,12.0
FINLAND,BALANCE,NATGASCM,INDPROD,YTD2022,12.0
FINLAND,BALANCE,NATGASCM,STCHANAT,2020,7.0
FINLAND,BALANCE,NATGASCM,STCHANAT,2021,-10.0
FINLAND,BALANCE,NATGASCM,STCHANAT,4Q2022,30.0
FINLAND,BALANCE,NATGASCM,STCHANAT,DEC2021,5.0
FINLAND,BALANCE,NATGASCM,STCHANAT,DEC2022,33.0
FINLAND,BALANCE,NATGASCM,STCHANAT,YTD2021,-10.0
FINLAND,BALANCE,NATGASCM,STCHANAT,YTD2022,42.0
FINLAND,BALANCE,NATGASCM,TOTENTSB,2020,2627.0
FINLAND,BALANCE,NATGASCM,TOTENTSB,2021,2630.0
FINLAND,BALANCE,NATGASCM,TOTENTSB,4Q2022,264.5
FINLAND,BALANCE,NATGASCM,TOTENTSB,DEC2021,282.0
FINLAND,BALANCE,NATGASCM,TOTENTSB,DEC2022,121.5
FINLAND,BALANCE,NATGASCM,TOTENTSB,YTD2021,2630.0
FINLAND,BALANCE,NATGASCM,TOTENTSB,YTD2022,1418.94
FINLAND,BALANCE,NATGASCM,TOTEXTSB,2020,182.0
FINLAND,BALANCE,NATGASCM,TOTEXTSB,2021,244.0
FINLAND,BALANCE,NATGASCM,TOTEXTSB,4Q2022,0.953
FINLAND,BALANCE,NATGASCM,TOTEXTSB,DEC2021,23.0
FINLAND,BALANCE,NATGASCM,TOTEXTSB,DEC2022,0.3
FINLAND,BALANCE,NATGASCM,TOTEXTSB,YTD2021,244.0
FINLAND,BALANCE,NATGASCM,TOTEXTSB,YTD2022,107.279
FRANCE,BALANCE,NATGASCM,GDINCTRO,2020,38562.778
FRANCE,BALANCE,NATGASCM,GDINCTRO,2021,40866.655
FRANCE,BALANCE,NATGASCM,GDINCTRO,4Q2022,10761.856
FRANCE,BALANCE,NATGASCM,GDINCTRO,DEC2021,5388.731
FRANCE,BALANCE,NATGASCM,GDINCTRO,DEC2022,4944.227
FRANCE,BALANCE,NATGASCM,GDINCTRO,YTD2021,40866.655
FRANCE,BALANCE,NATGASCM,GDINCTRO,YTD2022,36964.083
FRANCE,BALANCE,NATGASCM,INDPROD,2020,207.707
FRANCE,BALANCE,NATGASCM,INDPROD,2021,396.261
FRANCE,BALANCE,NATGASCM,INDPROD,4Q2022,177.027
FRANCE,BALANCE,NATGASCM,INDPROD,DEC2021,44.707
FRANCE,BALANCE,NATGASCM,INDPROD,DEC2022,61.477
FRANCE,BALANCE,NATGASCM,INDPROD,YTD2021,396.261
FRANCE,BALANCE,NATGASCM,INDPROD,YTD2022,619.428
FRANCE,BALANCE,NATGASCM,STCHANAT,2020,-2025.842
FRANCE,BALANCE,NATGASCM,STCHANAT,2021,-1553.438
FRANCE,BALANCE,NATGASCM,STCHANAT,4Q2022,-1408.072
FRANCE,BALANCE,NATGASCM,STCHANAT,DEC2021,-2015.824
FRANCE,BALANCE,NATGASCM,STCHANAT,DEC2022,-1483.65
FRANCE,BALANCE,NATGASCM,STCHANAT,YTD2021,-1553.438
FRANCE,BALANCE,NATGASCM,STCHANAT,YTD2022,3234.671
FRANCE,BALANCE,NATGASCM,TOTENTSB,2020,46139.555
FRANCE,BALANCE,NATGASCM,TOTENTSB,2021,45409.757
FRANCE,BALANCE,NATGASCM,TOTENTSB,4Q2022,14144.383
FRANCE,BALANCE,NATGASCM,TOTENTSB,DEC2021,4324.738
FRANCE,BALANCE,NATGASCM,TOTENTSB,DEC2022,4944.886
FRANCE,BALANCE,NATGASCM,TOTENTSB,YTD2021,45409.757
FRANCE,BALANCE,NATGASCM,TOTENTSB,YTD2022,55302.14
FRANCE,BALANCE,NATGASCM,TOTEXTSB,2020,9101.767
FRANCE,BALANCE,NATGASCM,TOTEXTSB,2021,5788.097
FRANCE,BALANCE,NATGASCM,TOTEXTSB,4Q2022,5027.346
FRANCE,BALANCE,NATGASCM,TOTEXTSB,DEC2021,867.606
FRANCE,BALANCE,NATGASCM,TOTEXTSB,DEC2022,1474.492
FRANCE,BALANCE,NATGASCM,TOTEXTSB,YTD2021,5788.097
FRANCE,BALANCE,NATGASCM,TOTEXTSB,YTD2022,15232.416
GERMANY,BALANCE,NATGASCM,GDINCTRO,2020,89289.949
GERMANY,BALANCE,NATGASCM,GDINCTRO,2021,93626.68
GERMANY,BALANCE,NATGASCM,GDINCTRO,4Q2022,22082.488
GERMANY,BALANCE,NATGASCM,GDINCTRO,DEC2021,11612.877
GERMANY,BALANCE,NATGASCM,GDINCTRO,DEC2022,9942.489
GERMANY,BALANCE,NATGASCM,GDINCTRO,YTD2021,93626.68
GERMANY,BALANCE,NATGASCM,GDINCTRO,YTD2022,79259.121
GERMANY,BALANCE,NATGASCM,INDPROD,2020,4874.0
GERMANY,BALANCE,NATGASCM,INDPROD,2021,4806.0
GERMANY,BALANCE,NATGASCM,INDPROD,4Q2022,1112.0
GERMANY,BALANCE,NATGASCM,INDPROD,DEC2021,423.0
GERMANY,BALANCE,NATGASCM,INDPROD,DEC2022,377.0
GERMANY,BALANCE,NATGASCM,INDPROD,YTD2021,4806.0
GERMANY,BALANCE,NATGASCM,INDPROD,YTD2022,4569.0
GERMANY,BALANCE,NATGASCM,STCHANAT,2020,-5174.0
GERMANY,BALANCE,NATGASCM,STCHANAT,2021,-5667.0
GERMANY,BALANCE,NATGASCM,STCHANAT,4Q2022,-74.0
GERMANY,BALANCE,NATGASCM,STCHANAT,DEC2021,-2784.0
GERMANY,BALANCE,NATGASCM,STCHANAT,DEC2022,-1859.0
GERMANY,BALANCE,NATGASCM,STCHANAT,YTD2021,-5667.0
GERMANY,BALANCE,NATGASCM,STCHANAT,YTD2022,9418.0
GERMANY,BALANCE,NATGASCM,TOTENTSB,2020,155492.654
GERMANY,BALANCE,NATGASCM,TOTENTSB,2021,154452.948
GERMANY,BALANCE,NATGASCM,TOTENTSB,4Q2022,27541.517
GERMANY,BALANCE,NATGASCM,TOTENTSB,DEC2021,13582.25
GERMANY,BALANCE,NATGASCM,TOTENTSB,DEC2022,9093.552
GERMANY,BALANCE,NATGASCM,TOTENTSB,YTD2021,154452.948
GERMANY,BALANCE,NATGASCM,TOTENTSB,YTD2022,133624.219
GERMANY,BALANCE,NATGASCM,TOTEXTSB,2020,76250.705
GERMANY,BALANCE,NATGASCM,TOTEXTSB,2021,71299.268
GERMANY,BALANCE,NATGASCM,TOTEXTSB,4Q2022,6645.029
GERMANY,BALANCE,NATGASCM,TOTEXTSB,DEC2021,5176.373
GERMANY,BALANCE,NATGASCM,TOTEXTSB,DEC2022,1387.063
GERMANY,BALANCE,NATGASCM,TOTEXTSB,YTD2021,71299.268
GERMANY,BALANCE,NATGASCM,TOTEXTSB,YTD2022,49516.098
GREECE,BALANCE,NATGASCM,GDINCTRO,2020,5830.89
GREECE,BALANCE,NATGASCM,GDINCTRO,2021,6435.822
GREECE,BALANCE,NATGASCM,GDINCTRO,4Q2022,1062.863
GREECE,BALANCE,NATGASCM,GDINCTRO,DEC2021,602.267
GREECE,BALANCE,NATGASCM,GDINCTRO,DEC2022,463.528
GREECE,BALANCE,NATGASCM,GDINCTRO,YTD2021,6435.822
GREECE,BALANCE,NATGASCM,GDINCTRO,YTD2022,5172.334
GREECE,BALANCE,NATGASCM,INDPROD,2020,6.48
GREECE,BALANCE,NATGASCM,INDPROD,2021,4.019
GREECE,BALANCE,NATGASCM,INDPROD,YTD2021,4.019
GREECE,BALANCE,NATGASCM,STCHANAT,2020,42.439
GREECE,BALANCE,NATGASCM,STCHANAT,2021,-31.599
GREECE,BALANCE,NATGASCM,STCHANAT,4Q2022,87.155
GREECE,BALANCE,NATGASCM,STCHANAT,DEC2021,3.088
GREECE,BALANCE,NATGASCM,STCHANAT,DEC2022,82.733
GREECE,BALANCE,NATGASCM,STCHANAT,YTD2021,-31.599
GREECE,BALANCE,NATGASCM,STCHANAT,YTD2022,74.814
GREECE,BALANCE,NATGASCM,TOTENTSB,2020,5902.732
GREECE,BALANCE,NATGASCM,TOTENTSB,2021,13337.416
GREECE,BALANCE,NATGASCM,TOTENTSB,4Q2022,4224.295
GREECE,BALANCE,NATGASCM,TOTENTSB,DEC2021,1364.371
GREECE,BALANCE,NATGASCM,TOTENTSB,DEC2022,1568.937
GREECE,BALANCE,NATGASCM,TOTENTSB,YTD2021,13337.416
GREECE,BALANCE,NATGASCM,TOTENTSB,YTD2022,15945.201
GREECE,BALANCE,NATGASCM,TOTEXTSB,2020,33.24
GREECE,BALANCE,NATGASCM,TOTEXTSB,2021,6878.297
GREECE,BALANCE,NATGASCM,TOTEXTSB,4Q2022,3066.873
GREECE,BALANCE,NATGASCM,TOTEXTSB,DEC2021,752.161
GREECE,BALANCE,NATGASCM,TOTEXTSB,DEC2022,1019.173
GREECE,BALANCE,NATGASCM,TOTEXTSB,YTD2021,6878.297
GREECE,BALANCE,NATGASCM,TOTEXTSB,YTD2022,10646.61
HUNGARY,BALANCE,NATGASCM,GDINCTRO,2020,10598.862
HUNGARY,BALANCE,NATGASCM,GDINCTRO,2021,11233.062
HUNGARY,BALANCE,NATGASCM,GDINCTRO,4Q2022,2641.984
HUNGARY,BALANCE,NATGASCM,GDINCTRO,DEC2021,1551.927
HUNGARY,BALANCE,NATGASCM,GDINCTRO,DEC2022,1182.236
HUNGARY,BALANCE,NATGASCM,GDINCTRO,YTD2021,11233.062
HUNGARY,BALANCE,NATGASCM,GDINCTRO,YTD2022,9537.859
HUNGARY,BALANCE,NATGASCM,INDPROD,2020,1690.808
HUNGARY,BALANCE,NATGASCM,INDPROD,2021,1506.265
HUNGARY,BALANCE,NATGASCM,INDPROD,4Q2022,402.084
HUNGARY,BALANCE,NATGASCM,INDPROD,DEC2021,120.527
HUNGARY,BALANCE,NATGASCM,INDPROD,DEC2022,141.536
HUNGARY,BALANCE,NATGASCM,INDPROD,YTD2021,1506.265
HUNGARY,BALANCE,NATGASCM,INDPROD,YTD2022,1523.287
HUNGARY,BALANCE,NATGASCM,STCHANAT,2020,-981.0
HUNGARY,BALANCE,NATGASCM,STCHANAT,2021,-2248.8
HUNGARY,BALANCE,NATGASCM,STCHANAT,4Q2022,-220.5
HUNGARY,BALANCE,NATGASCM,STCHANAT,DEC2021,-1053.2
HUNGARY,BALANCE,NATGASCM,STCHANAT,DEC2022,-751.4
HUNGARY,BALANCE,NATGASCM,STCHANAT,YTD2021,-2248.8
HUNGARY,BALANCE,NATGASCM,STCHANAT,YTD2022,1287.5
HUNGARY,BALANCE,NATGASCM,TOTENTSB,2020,13718.0
HUNGARY,BALANCE,NATGASCM,TOTENTSB,2021,8447.9
HUNGARY,BALANCE,NATGASCM,TOTENTSB,4Q2022,2489.9
HUNGARY,BALANCE,NATGASCM,TOTENTSB,DEC2021,482.3
HUNGARY,BALANCE,NATGASCM,TOTENTSB,DEC2022,600.9
HUNGARY,BALANCE,NATGASCM,TOTENTSB,YTD2021,8447.9
HUNGARY,BALANCE,NATGASCM,TOTENTSB,YTD2022,10892.1
HUNGARY,BALANCE,NATGASCM,TOTEXTSB,2020,5790.0
HUNGARY,BALANCE,NATGASCM,TOTEXTSB,2021,969.903
HUNGARY,BALANCE,NATGASCM,TOTEXTSB,4Q2022,470.5
HUNGARY,BALANCE,NATGASCM,TOTEXTSB,DEC2021,104.1
HUNGARY,BALANCE,NATGASCM,TOTEXTSB,DEC2022,311.6
HUNGARY,BALANCE,NATGASCM,TOTEXTSB,YTD2021,969.903
HUNGARY,BALANCE,NATGASCM,TOTEXTSB,YTD2022,1578.4
IRELAND,BALANCE,NATGASCM,GDINCTRO,2020,5469.651
IRELAND,BALANCE,NATGASCM,GDINCTRO,2021,5214.865
IRELAND,BALANCE,NATGASCM,GDINCTRO,4Q2022,1314.214
IRELAND,BALANCE,NATGASCM,GDINCTRO,DEC2021,467.911
IRELAND,BALANCE,NATGASCM,GDINCTRO,DEC2022,519.09
IRELAND,BALANCE,NATGASCM,GDINCTRO,YTD2021,5214.865
IRELAND,BALANCE,NATGASCM,GDINCTRO,YTD2022,5287.649
IRELAND,BALANCE,NATGASCM,INDPROD,2020,2029.651
IRELAND,BALANCE,NATGASCM,INDPROD,2021,1550.865
IRELAND,BALANCE,NATGASCM,INDPROD,4Q2022,345.214
IRELAND,BALANCE,NATGASCM,INDPROD,DEC2021,136.911
IRELAND,BALANCE,NATGASCM,INDPROD,DEC2022,114.09
IRELAND,BALANCE,NATGASCM,INDPROD,YTD2021,1550.865
IRELAND,BALANCE,NATGASCM,INDPROD,YTD2022,1435.649
IRELAND,BALANCE,NATGASCM,TOTENTSB,2020,3439.0
IRELAND,BALANCE,NATGASCM,TOTENTSB,2021,3664.0
IRELAND,BALANCE,NATGASCM,TOTENTSB,4Q2022,969.0
IRELAND,BALANCE,NATGASCM,TOTENTSB,DEC2021,331.0
IRELAND,BALANCE,NATGASCM,TOTENTSB,DEC2022,405.0
IRELAND,BALANCE,NATGASCM,TOTENTSB,YTD2021,3664.0
IRELAND,BALANCE,NATGASCM,TOTENTSB,YTD2022,3852.0
ISRAEL,BALANCE,NATGASCM,GDINCTRO,2020,10020.0
ISRAEL,BALANCE,NATGASCM,GDINCTRO,2021,10440.0
ISRAEL,BALANCE,NATGASCM,GDINCTRO,4Q2022,2610.0
ISRAEL,BALANCE,NATGASCM,GDINCTRO,DEC2021,870.0
ISRAEL,BALANCE,NATGASCM,GDINCTRO,DEC2022,870.0
ISRAEL,BALANCE,NATGASCM,GDINCTRO,YTD2021,10440.0
ISRAEL,BALANCE,NATGASCM,GDINCTRO,YTD2022,10440.0
ISRAEL,BALANCE,NATGASCM,INDPROD,2020,13044.0
ISRAEL,BALANCE,NATGASCM,INDPROD,2021,16332.0
ISRAEL,BALANCE,NATGASCM,INDPROD,4Q2022,4083.0
ISRAEL,BALANCE,NATGASCM,INDPROD,DEC2021,1361.0
ISRAEL,BALANCE,NATGASCM,INDPROD,DEC2022,1361.0
ISRAEL,BALANCE,NATGASCM,INDPROD,YTD2021,16332.0
ISRAEL,BALANCE,NATGASCM,INDPROD,YTD2022,16332.0
ISRAEL,BALANCE,NATGASCM,TOTENTSB,2020,564.0
ISRAEL,BALANCE,NATGASCM,TOTENTSB,2021,144.0
ISRAEL,BALANCE,NATGASCM,TOTENTSB,4Q2022,36.0
ISRAEL,BALANCE,NATGASCM,TOTENTSB,DEC2021,12.0
ISRAEL,BALANCE,NATGASCM,TOTENTSB,DEC2022,12.0
ISRAEL,BALANCE,NATGASCM,TOTENTSB,YTD2021,144.0
ISRAEL,BALANCE,NATGASCM,TOTENTSB,YTD2022,144.0
ISRAEL,BALANCE,NATGASCM,TOTEXTSB,2020,3588.0
ISRAEL,BALANCE,NATGASCM,TOTEXTSB,2021,6036.0
ISRAEL,BALANCE,NATGASCM,TOTEXTSB,4Q2022,1509.0
ISRAEL,BALANCE,NATGASCM,TOTEXTSB,DEC2021,503.0
ISRAEL,BALANCE,NATGASCM,TOTEXTSB,DEC2022,503.0
ISRAEL,BALANCE,NATGASCM,TOTEXTSB,YTD2021,6036.0
ISRAEL,BALANCE,NATGASCM,TOTEXTSB,YTD2022,6036.0
ITALY,BALANCE,NATGASCM,GDINCTRO,2020,70920.4
ITALY,BALANCE,NATGASCM,GDINCTRO,2021,76107.5
ITALY,BALANCE,NATGASCM,GDINCTRO,4Q2022,17185.0
ITALY,BALANCE,NATGASCM,GDINCTRO,DEC2021,9711.0
ITALY,BALANCE,NATGASCM,GDINCTRO,DEC2022,7372.0
ITALY,BALANCE,NATGASCM,GDINCTRO,YTD2021,76107.5
ITALY,BALANCE,NATGASCM,GDINCTRO,YTD2022,68546.0
ITALY,BALANCE,NATGASCM,INDPROD,2020,3932.0
ITALY,BALANCE,NATGASCM,INDPROD,2021,3334.5
ITALY,BALANCE,NATGASCM,INDPROD,4Q2022,851.0
ITALY,BALANCE,NATGASCM,INDPROD,DEC2021,289.0
ITALY,BALANCE,NATGASCM,INDPROD,DEC2022,280.0
ITALY,BALANCE,NATGASCM,INDPROD,YTD2021,3334.5
ITALY,BALANCE,NATGASCM,INDPROD,YTD2022,3328.0
ITALY,BALANCE,NATGASCM,STCHANAT,2020,-1077.0
ITALY,BALANCE,NATGASCM,STCHANAT,2021,-1590.0
ITALY,BALANCE,NATGASCM,STCHANAT,4Q2022,-1597.0
ITALY,BALANCE,NATGASCM,STCHANAT,DEC2021,-2545.0
ITALY,BALANCE,NATGASCM,STCHANAT,DEC2022,-1670.0
ITALY,BALANCE,NATGASCM,STCHANAT,YTD2021,-1590.0
ITALY,BALANCE,NATGASCM,STCHANAT,YTD2022,2593.0
ITALY,BALANCE,NATGASCM,TOTENTSB,2020,66227.0
ITALY,BALANCE,NATGASCM,TOTENTSB,2021,72728.0
ITALY,BALANCE,NATGASCM,TOTENTSB,4Q2022,16583.0
ITALY,BALANCE,NATGASCM,TOTENTSB,DEC2021,7126.0
ITALY,BALANCE,NATGASCM,TOTENTSB,DEC2022,5957.0
ITALY,BALANCE,NATGASCM,TOTENTSB,YTD2021,72728.0
ITALY,BALANCE,NATGASCM,TOTENTSB,YTD2022,72403.0
ITALY,BALANCE,NATGASCM,TOTEXTSB,2020,315.6
ITALY,BALANCE,NATGASCM,TOTEXTSB,2021,1545.0
ITALY,BALANCE,NATGASCM,TOTEXTSB,4Q2022,1846.0
ITALY,BALANCE,NATGASCM,TOTEXTSB,DEC2021,249.0
ITALY,BALANCE,NATGASCM,TOTEXTSB,DEC2022,535.0
ITALY,BALANCE,NATGASCM,TOTEXTSB,YTD2021,1545.0
ITALY,BALANCE,NATGASCM,TOTEXTSB,YTD2022,4592.0
JAPAN,BALANCE,NATGASCM,GDINCTRO,2020,112086.519
JAPAN,BALANCE,NATGASCM,GDINCTRO,2021,97542.785
JAPAN,BALANCE,NATGASCM,GDINCTRO,4Q2022,22879.101
JAPAN,BALANCE,NATGASCM,GDINCTRO,DEC2021,9471.509
JAPAN,BALANCE,NATGASCM,GDINCTRO,DEC2022,8699.262
JAPAN,BALANCE,NATGASCM,GDINCTRO,YTD2021,97542.785
JAPAN,BALANCE,NATGASCM,GDINCTRO,YTD2022,95749.491
JAPAN,BALANCE,NATGASCM,INDPROD,2020,3586.606
JAPAN,BALANCE,NATGASCM,INDPROD,2021,3933.401
JAPAN,BALANCE,NATGASCM,INDPROD,4Q2022,1066.884
JAPAN,BALANCE,NATGASCM,INDPROD,DEC2021,395.651
JAPAN,BALANCE,NATGASCM,INDPROD,DEC2022,404.5
JAPAN,BALANCE,NATGASCM,INDPROD,YTD2021,3933.401
JAPAN,BALANCE,NATGASCM,INDPROD,YTD2022,4224.863
JAPAN,BALANCE,NATGASCM,STCHANAT,2020,581.063
JAPAN,BALANCE,NATGASCM,STCHANAT,2021,2230.727
JAPAN,BALANCE,NATGASCM,STCHANAT,4Q2022,80.688
JAPAN,BALANCE,NATGASCM,STCHANAT,DEC2021,-167.782
JAPAN,BALANCE,NATGASCM,STCHANAT,DEC2022,-237.512
JAPAN,BALANCE,NATGASCM,STCHANAT,YTD2021,2230.727
JAPAN,BALANCE,NATGASCM,STCHANAT,YTD2022,887.688
JAPAN,BALANCE,NATGASCM,TOTENTSB,2020,107287.568
JAPAN,BALANCE,NATGASCM,TOTENTSB,2021,98780.419
JAPAN,BALANCE,NATGASCM,TOTENTSB,4Q2022,22193.458
JAPAN,BALANCE,NATGASCM,TOTENTSB,DEC2021,9351.954
JAPAN,BALANCE,NATGASCM,TOTENTSB,DEC2022,8057.25
JAPAN,BALANCE,NATGASCM,TOTENTSB,YTD2021,98780.419
JAPAN,BALANCE,NATGASCM,TOTENTSB,YTD2022,95698.533
KOREA,BALANCE,NATGASCM,GDINCTRO,2020,51751.0
KOREA,BALANCE,NATGASCM,GDINCTRO,2021,57013.0
KOREA,BALANCE,NATGASCM,GDINCTRO,4Q2022,15112.0
KOREA,BALANCE,NATGASCM,GDINCTRO,DEC2021,6244.0
KOREA,BALANCE,NATGASCM,GDINCTRO,DEC2022,7059.0
KOREA,BALANCE,NATGASCM,GDINCTRO,YTD2021,57013.0
KOREA,BALANCE,NATGASCM,GDINCTRO,YTD2022,56476.0
KOREA,BALANCE,NATGASCM,INDPROD,2020,184.0
KOREA,BALANCE,NATGASCM,INDPROD,2021,56.0
KOREA,BALANCE,NATGASCM,INDPROD,DEC2021,2.0
KOREA,BALANCE,NATGASCM,INDPROD,YTD2021,56.0
KOREA,BALANCE,NATGASCM,STCHANAT,2020,-1387.0
KOREA,BALANCE,NATGASCM,STCHANAT,2021,412.0
KOREA,BALANCE,NATGASCM,STCHANAT,4Q2022,513.0
KOREA,BALANCE,NATGASCM,STCHANAT,DEC2021,-1234.0
KOREA,BALANCE,NATGASCM,STCHANAT,DEC2022,-1567.0
KOREA,BALANCE,NATGASCM,STCHANAT,YTD2021,412.0
KOREA,BALANCE,NATGASCM,STCHANAT,YTD2022,1521.0
KOREA,BALANCE,NATGASCM,TOTENTSB,2020,53559.0
KOREA,BALANCE,NATGASCM,TOTENTSB,2021,60951.0
KOREA,BALANCE,NATGASCM,TOTENTSB,4Q2022,16861.0
KOREA,BALANCE,NATGASCM,TOTENTSB,DEC2021,5591.0
KOREA,BALANCE,NATGASCM,TOTENTSB,DEC2022,5890.0
KOREA,BALANCE,NATGASCM,TOTENTSB,YTD2021,60951.0
KOREA,BALANCE,NATGASCM,TOTENTSB,YTD2022,60951.0
LATVIA,BALANCE,NATGASCM,GDINCTRO,2020,1089.843
LATVIA,BALANCE,NATGASCM,GDINCTRO,2021,1187.344
LATVIA,BALANCE,NATGASCM,GDINCTRO,4Q2022,281.801
LATVIA,BALANCE,NATGASCM,GDINCTRO,DEC2021,180.941
LATVIA,BALANCE,NATGASCM,GDINCTRO,DEC2022,151.658
LATVIA,BALANCE,NATGASCM,GDINCTRO,YTD2021,1187.344
LATVIA,BALANCE,NATGASCM,GDINCTRO,YTD2022,826.037
LATVIA,BALANCE,NATGASCM,STCHANAT,2020,187.288
LATVIA,BALANCE,NATGASCM,STCHANAT,2021,-479.888
LATVIA,BALANCE,NATGASCM,STCHANAT,4Q2022,-135.593
LATVIA,BALANCE,NATGASCM,STCHANAT,DEC2021,-232.94
LATVIA,BALANCE,NATGASCM,STCHANAT,DEC2022,-242.952
LATVIA,BALANCE,NATGASCM,STCHANAT,YTD2021,-479.888
LATVIA,BALANCE,NATGASCM,STCHANAT,YTD2022,-109.638
LATVIA,BALANCE,NATGASCM,TOTENTSB,2020,2401.792
LATVIA,BALANCE,NATGASCM,TOTENTSB,2021,2013.083
LATVIA,BALANCE,NATGASCM,TOTENTSB,4Q2022,434.118
LATVIA,BALANCE,NATGASCM,TOTENTSB,DEC2021,81.152
LATVIA,BALANCE,NATGASCM,TOTENTSB,DEC2022,47.163
LATVIA,BALANCE,NATGASCM,TOTENTSB,YTD2021,2013.083
LATVIA,BALANCE,NATGASCM,TOTENTSB,YTD2022,1915.93
LATVIA,BALANCE,NATGASCM,TOTEXTSB,2020,1112.596
LATVIA,BALANCE,NATGASCM,TOTEXTSB,2021,1288.093
LATVIA,BALANCE,NATGASCM,TOTEXTSB,4Q2022,283.94
LATVIA,BALANCE,NATGASCM,TOTEXTSB,DEC2021,126.546
LATVIA,BALANCE,NATGASCM,TOTEXTSB,DEC2022,132.456
LATVIA,BALANCE,NATGASCM,TOTEXTSB,YTD2021,1288.093
LATVIA,BALANCE,NATGASCM,TOTEXTSB,YTD2022,1183.561
LITHUANIA,BALANCE,NATGASCM,GDINCTRO,2020,2434.8
LITHUANIA,BALANCE,NATGASCM,GDINCTRO,2021,2316.5
LITHUANIA,BALANCE,NATGASCM,GDINCTRO,4Q2022,417.0
LITHUANIA,BALANCE,NATGASCM,GDINCTRO,DEC2021,233.9
LITHUANIA,BALANCE,NATGASCM,GDINCTRO,DEC2022,214.0
LITHUANIA,BALANCE,NATGASCM,GDINCTRO,YTD2021,2316.5
LITHUANIA,BALANCE,NATGASCM,GDINCTRO,YTD2022,1649.3
LITHUANIA,BALANCE,NATGASCM,STCHANAT,2020,-24.1
LITHUANIA,BALANCE,NATGASCM,STCHANAT,2021,19.2
LITHUANIA,BALANCE,NATGASCM,STCHANAT,4Q2022,3.6
LITHUANIA,BALANCE,NATGASCM,STCHANAT,DEC2021,27.9
LITHUANIA,BALANCE,NATGASCM,STCHANAT,DEC2022,14.3
LITHUANIA,BALANCE,NATGASCM,STCHANAT,YTD2021,19.2
LITHUANIA,BALANCE,NATGASCM,STCHANAT,YTD2022,18.2
LITHUANIA,BALANCE,NATGASCM,TOTENTSB,2020,5372.9
LITHUANIA,BALANCE,NATGASCM,TOTENTSB,2021,5002.1
LITHUANIA,BALANCE,NATGASCM,TOTENTSB,4Q2022,1476.4
LITHUANIA,BALANCE,NATGASCM,TOTENTSB,DEC2021,557.4
LITHUANIA,BALANCE,NATGASCM,TOTENTSB,DEC2022,592.0
LITHUANIA,BALANCE,NATGASCM,TOTENTSB,YTD2021,5002.1
LITHUANIA,BALANCE,NATGASCM,TOTENTSB,YTD2022,5761.4
LITHUANIA,BALANCE,NATGASCM,TOTEXTSB,2020,2962.2
LITHUANIA,BALANCE,NATGASCM,TOTEXTSB,2021,2666.4
LITHUANIA,BALANCE,NATGASCM,TOTEXTSB,4Q2022,1055.8
LITHUANIA,BALANCE,NATGASCM,TOTEXTSB,DEC2021,295.6
LITHUANIA,BALANCE,NATGASCM,TOTEXTSB,DEC2022,363.7
LITHUANIA,BALANCE,NATGASCM,TOTEXTSB,YTD2021,2666.4
LITHUANIA,BALANCE,NATGASCM,TOTEXTSB,YTD2022,4093.9
LUXEMBOU,BALANCE,NATGASCM,GDINCTRO,2020,708.691
LUXEMBOU,BALANCE,NATGASCM,GDINCTRO,2021,761.568
LUXEMBOU,BALANCE,NATGASCM,GDINCTRO,4Q2022,161.275
LUXEMBOU,BALANCE,NATGASCM,GDINCTRO,DEC2021,82.631
LUXEMBOU,BALANCE,NATGASCM,GDINCTRO,DEC2022,69.671
LUXEMBOU,BALANCE,NATGASCM,GDINCTRO,YTD2021,761.568
LUXEMBOU,BALANCE,NATGASCM,GDINCTRO,YTD2022,593.28
LUXEMBOU,BALANCE,NATGASCM,INDPROD,2020,5.658
LUXEMBOU,BALANCE,NATGASCM,INDPROD,2021,4.819
LUXEMBOU,BALANCE,NATGASCM,INDPROD,4Q2022,1.076
LUXEMBOU,BALANCE,NATGASCM,INDPROD,DEC2021,0.369
LUXEMBOU,BALANCE,NATGASCM,INDPROD,DEC2022,0.367
LUXEMBOU,BALANCE,NATGASCM,INDPROD,YTD2021,4.819
LUXEMBOU,BALANCE,NATGASCM,INDPROD,YTD2022,4.343
LUXEMBOU,BALANCE,NATGASCM,TOTENTSB,2020,703.033
LUXEMBOU,BALANCE,NATGASCM,TOTENTSB,2021,756.75
LUXEMBOU,BALANCE,NATGASCM,TOTENTSB,4Q2022,160.199
LUXEMBOU,BALANCE,NATGASCM,TOTENTSB,DEC2021,82.262
LUXEMBOU,BALANCE,NATGASCM,TOTENTSB,DEC2022,69.304
LUXEMBOU,BALANCE,NATGASCM,TOTENTSB,YTD2021,756.75
LUXEMBOU,BALANCE,NATGASCM,TOTENTSB,YTD2022,588.936
MEXICO,BALANCE,NATGASCM,GDINCTRO,2020,45732.0
MEXICO,BALANCE,NATGASCM,GDINCTRO,2021,46264.0
MEXICO,BALANCE,NATGASCM,GDINCTRO,4Q2022,10144.0
MEXICO,BALANCE,NATGASCM,GDINCTRO,DEC2021,3915.0
MEXICO,BALANCE,NATGASCM,GDINCTRO,DEC2022,3369.0
MEXICO,BALANCE,NATGASCM,GDINCTRO,YTD2021,46264.0
MEXICO,BALANCE,NATGASCM,GDINCTRO,YTD2022,44209.0
MEXICO,BALANCE,NATGASCM,INDPROD,2020,36905.0
MEXICO,BALANCE,NATGASCM,INDPROD,2021,36928.0
MEXICO,BALANCE,NATGASCM,INDPROD,4Q2022,9119.0
MEXICO,BALANCE,NATGASCM,INDPROD,DEC2021,3291.0
MEXICO,BALANCE,NATGASCM,INDPROD,DEC2022,3120.0
MEXICO,BALANCE,NATGASCM,INDPROD,YTD2021,36928.0
MEXICO,BALANCE,NATGASCM,INDPROD,YTD2022,38721.0
MEXICO,BALANCE,NATGASCM,TOTENTSB,2020,8839.0
MEXICO,BALANCE,NATGASCM,TOTENTSB,2021,9348.0
MEXICO,BALANCE,NATGASCM,TOTENTSB,4Q2022,1028.0
MEXICO,BALANCE,NATGASCM,TOTENTSB,DEC2021,625.0
MEXICO,BALANCE,NATGASCM,TOTENTSB,DEC2022,250.0
MEXICO,BALANCE,NATGASCM,TOTENTSB,YTD2021,9348.0
MEXICO,BALANCE,NATGASCM,TOTENTSB,YTD2022,5500.0
MEXICO,BALANCE,NATGASCM,TOTEXTSB,2020,12.0
MEXICO,BALANCE,NATGASCM,TOTEXTSB,2021,12.0
MEXICO,BALANCE,NATGASCM,TOTEXTSB,4Q2022,3.0
MEXICO,BALANCE,NATGASCM,TOTEXTSB,DEC2021,1.0
MEXICO,BALANCE,NATGASCM,TOTEXTSB,DEC2022,1.0
MEXICO,BALANCE,NATGASCM,TOTEXTSB,YTD2021,12.0
MEXICO,BALANCE,NATGASCM,TOTEXTSB,YTD2022,12.0
NETHLAND,BALANCE,NATGASCM,GDINCTRO,2020,44068.36
NETHLAND,BALANCE,NATGASCM,GDINCTRO,2021,42278.984
NETHLAND,BALANCE,NATGASCM,GDINCTRO,4Q2022,8988.289
NETHLAND,BALANCE,NATGASCM,GDINCTRO,DEC2021,4433.477
NETHLAND,BALANCE,NATGASCM,GDINCTRO,DEC2022,4020.901
NETHLAND,BALANCE,NATGASCM,GDINCTRO,YTD2021,42278.984
NETHLAND,BALANCE,NATGASCM,GDINCTRO,YTD2022,32997.013
NETHLAND,BALANCE,NATGASCM,INDPROD,2020,24165.528
NETHLAND,BALANCE,NATGASCM,INDPROD,2021,21962.238
NETHLAND,BALANCE,NATGASCM,INDPROD,4Q2022,4241.915
NETHLAND,BALANCE,NATGASCM,INDPROD,DEC2021,1833.947
NETHLAND,BALANCE,NATGASCM,INDPROD,DEC2022,1643.091
NETHLAND,BALANCE,NATGASCM,INDPROD,YTD2021,21962.238
NETHLAND,BALANCE,NATGASCM,INDPROD,YTD2022,18742.099
NETHLAND,BALANCE,NATGASCM,STCHANAT,2020,-115.146
NETHLAND,BALANCE,NATGASCM,STCHANAT,2021,-6335.147
NETHLAND,BALANCE,NATGASCM,STCHANAT,4Q2022,-2265.855
NETHLAND,BALANCE,NATGASCM,STCHANAT,DEC2021,-2952.477
NETHLAND,BALANCE,NATGASCM,STCHANAT,DEC2022,-1786.024
NETHLAND,BALANCE,NATGASCM,STCHANAT,YTD2021,-6335.147
NETHLAND,BALANCE,NATGASCM,STCHANAT,YTD2022,6383.842
NETHLAND,BALANCE,NATGASCM,TOTENTSB,2020,59920.727
NETHLAND,BALANCE,NATGASCM,TOTENTSB,2021,57424.923
NETHLAND,BALANCE,NATGASCM,TOTENTSB,4Q2022,15104.25
NETHLAND,BALANCE,NATGASCM,TOTENTSB,DEC2021,4154.894
NETHLAND,BALANCE,NATGASCM,TOTENTSB,DEC2022,4957.231
NETHLAND,BALANCE,NATGASCM,TOTENTSB,YTD2021,57424.923
NETHLAND,BALANCE,NATGASCM,TOTENTSB,YTD2022,61881.106
NETHLAND,BALANCE,NATGASCM,TOTEXTSB,2020,39974.464
NETHLAND,BALANCE,NATGASCM,TOTEXTSB,2021,43278.055
NETHLAND,BALANCE,NATGASCM,TOTEXTSB,4Q2022,12588.857
NETHLAND,BALANCE,NATGASCM,TOTEXTSB,DEC2021,4500.636
NETHLAND,BALANCE,NATGASCM,TOTEXTSB,DEC2022,4357.246
NETHLAND,BALANCE,NATGASCM,TOTEXTSB,YTD2021,43278.055
NETHLAND,BALANCE,NATGASCM,TOTEXTSB,YTD2022,41127.336
NORWAY,BALANCE,NATGASCM,GDINCTRO,2020,4915.076
NORWAY,BALANCE,NATGASCM,GDINCTRO,2021,4551.663
NORWAY,BALANCE,NATGASCM,GDINCTRO,4Q2022,1122.555
NORWAY,BALANCE,NATGASCM,GDINCTRO,DEC2021,373.951
NORWAY,BALANCE,NATGASCM,GDINCTRO,DEC2022,385.238
NORWAY,BALANCE,NATGASCM,GDINCTRO,YTD2021,4551.663
NORWAY,BALANCE,NATGASCM,GDINCTRO,YTD2022,4439.237
NORWAY,BALANCE,NATGASCM,INDPROD,2020,116206.117
NORWAY,BALANCE,NATGASCM,INDPROD,2021,118299.735
NORWAY,BALANCE,NATGASCM,INDPROD,4Q2022,33218.904
NORWAY,BALANCE,NATGASCM,INDPROD,DEC2021,11325.67
NORWAY,BALANCE,NATGASCM,INDPROD,DEC2022,11468.34
NORWAY,BALANCE,NATGASCM,INDPROD,YTD2021,118299.735
NORWAY,BALANCE,NATGASCM,INDPROD,YTD2022,126962.647
NORWAY,BALANCE,NATGASCM,STCHANAT,2020,-4.71
NORWAY,BALANCE,NATGASCM,STCHANAT,2021,73.032
NORWAY,BALANCE,NATGASCM,STCHANAT,4Q2022,51.415
NORWAY,BALANCE,NATGASCM,STCHANAT,DEC2021,81.977
NORWAY,BALANCE,NATGASCM,STCHANAT,DEC2022,25.545
NORWAY,BALANCE,NATGASCM,STCHANAT,YTD2021,73.032
NORWAY,BALANCE,NATGASCM,STCHANAT,YTD2022,-4.87
NORWAY,BALANCE,NATGASCM,TOTENTSB,2021,37.048
NORWAY,BALANCE,NATGASCM,TOTENTSB,4Q2022,20.755
NORWAY,BALANCE,NATGASCM,TOTENTSB,DEC2021,3.567
NORWAY,BALANCE,NATGASCM,TOTENTSB,DEC2022,6.647
NORWAY,BALANCE,NATGASCM,TOTENTSB,YTD2021,37.048
NORWAY,BALANCE,NATGASCM,TOTENTSB,YTD2022,67.804
NORWAY,BALANCE,NATGASCM,TOTEXTSB,2020,112952.075
NORWAY,BALANCE,NATGASCM,TOTEXTSB,2021,111456.507
NORWAY,BALANCE,NATGASCM,TOTEXTSB,4Q2022,30391.803
NORWAY,BALANCE,NATGASCM,TOTEXTSB,DEC2021,10637.501
NORWAY,BALANCE,NATGASCM,TOTEXTSB,DEC2022,10301.301
NORWAY,BALANCE,NATGASCM,TOTEXTSB,YTD2021,111456.507
NORWAY,BALANCE,NATGASCM,TOTEXTSB,YTD2022,118117.17
NZ,BALANCE,NATGASCM,GDINCTRO,2020,4461.0
NZ,BALANCE,NATGASCM,GDINCTRO,2021,3814.0
NZ,BALANCE,NATGASCM,GDINCTRO,4Q2022,869.0
NZ,BALANCE,NATGASCM,GDINCTRO,DEC2021,306.0
NZ,BALANCE,NATGASCM,GDINCTRO,DEC2022,269.0
NZ,BALANCE,NATGASCM,GDINCTRO,YTD2021,3814.0
NZ,BALANCE,NATGASCM,GDINCTRO,YTD2022,3706.0
NZ,BALANCE,NATGASCM,INDPROD,2020,4477.0
NZ,BALANCE,NATGASCM,INDPROD,2021,3916.0
NZ,BALANCE,NATGASCM,INDPROD,4Q2022,880.0
NZ,BALANCE,NATGASCM,INDPROD,DEC2021,330.0
NZ,BALANCE,NATGASCM,INDPROD,DEC2022,280.0
NZ,BALANCE,NATGASCM,INDPROD,YTD2021,3916.0
NZ,BALANCE,NATGASCM,INDPROD,YTD2022,3736.0
NZ,BALANCE,NATGASCM,STCHANAT,2020,16.0
NZ,BALANCE,NATGASCM,STCHANAT,2021,102.0
NZ,BALANCE,NATGASCM,STCHANAT,4Q2022,11.0
NZ,BALANCE,NATGASCM,STCHANAT,DEC2021,24.0
NZ,BALANCE,NATGASCM,STCHANAT,DEC2022,11.0
NZ,BALANCE,NATGASCM,STCHANAT,YTD2021,102.0
NZ,BALANCE,NATGASCM,STCHANAT,YTD2022,22.0
OECDAM,BALANCE,NATGASCM,GDINCTRO,2020,1049032.767
OECDAM,BALANCE,NATGASCM,GDINCTRO,2021,1058674.594
OECDAM,BALANCE,NATGASCM,GDINCTRO,4Q2022,294009.119
OECDAM,BALANCE,NATGASCM,GDINCTRO,DEC2021,104782.642
OECDAM,BALANCE,NATGASCM,GDINCTRO,DEC2022,115693.892
OECDAM,BALANCE,NATGASCM,GDINCTRO,YTD2021,1058674.594
OECDAM,BALANCE,NATGASCM,GDINCTRO,YTD2022,1109230.495
OECDAM,BALANCE,NATGASCM,INDPROD,2020,1172033.509
OECDAM,BALANCE,NATGASCM,INDPROD,2021,1207857.203
OECDAM,BALANCE,NATGASCM,INDPROD,4Q2022,323374.605
OECDAM,BALANCE,NATGASCM,INDPROD,DEC2021,106440.573
OECDAM,BALANCE,NATGASCM,INDPROD,DEC2022,108042.92
OECDAM,BALANCE,NATGASCM,INDPROD,YTD2021,1207857.203
OECDAM,BALANCE,NATGASCM,INDPROD,YTD2022,1258796.771
OECDAM,BALANCE,NATGASCM,STCHANAT,2020,7505.792
OECDAM,BALANCE,NATGASCM,STCHANAT,2021,-6504.319
OECDAM,BALANCE,NATGASCM,STCHANAT,4Q2022,-9375.203
OECDAM,BALANCE,NATGASCM,STCHANAT,DEC2021,-11673.006
OECDAM,BALANCE,NATGASCM,STCHANAT,DEC2022,-20001.946
OECDAM,BALANCE,NATGASCM,STCHANAT,YTD2021,-6504.319
OECDAM,BALANCE,NATGASCM,STCHANAT,YTD2022,-9618.141
OECDAM,BALANCE,NATGASCM,TOTENTSB,2020,109586.962
OECDAM,BALANCE,NATGASCM,TOTENTSB,2021,117559.79
OECDAM,BALANCE,NATGASCM,TOTENTSB,4Q2022,31398.697
OECDAM,BALANCE,NATGASCM,TOTENTSB,DEC2021,10979.14
OECDAM,BALANCE,NATGASCM,TOTENTSB,DEC2022,11549.707
OECDAM,BALANCE,NATGASCM,TOTENTSB,YTD2021,117559.79
OECDAM,BALANCE,NATGASCM,TOTENTSB,YTD2022,120847.703
OECDAM,BALANCE,NATGASCM,TOTEXTSB,2020,220582.912
OECDAM,BALANCE,NATGASCM,TOTEXTSB,2021,267948.218
OECDAM,BALANCE,NATGASCM,TOTEXTSB,4Q2022,70293.586
OECDAM,BALANCE,NATGASCM,TOTEXTSB,DEC2021,24665.377
OECDAM,BALANCE,NATGASCM,TOTEXTSB,DEC2022,25122.881
OECDAM,BALANCE,NATGASCM,TOTEXTSB,YTD2021,267948.218
OECDAM,BALANCE,NATGASCM,TOTEXTSB,YTD2022,281219.02
OECDAO,BALANCE,NATGASCM,GDINCTRO,2020,235609.519
OECDAO,BALANCE,NATGASCM,GDINCTRO,2021,224229.785
OECDAO,BALANCE,NATGASCM,GDINCTRO,4Q2022,55475.101
OECDAO,BALANCE,NATGASCM,GDINCTRO,DEC2021,21327.509
OECDAO,BALANCE,NATGASCM,GDINCTRO,DEC2022,21453.262
OECDAO,BALANCE,NATGASCM,GDINCTRO,YTD2021,224229.785
OECDAO,BALANCE,NATGASCM,GDINCTRO,YTD2022,224655.491
OECDAO,BALANCE,NATGASCM,INDPROD,2020,174305.606
OECDAO,BALANCE,NATGASCM,INDPROD,2021,180391.401
OECDAO,BALANCE,NATGASCM,INDPROD,4Q2022,47390.884
OECDAO,BALANCE,NATGASCM,INDPROD,DEC2021,15313.651
OECDAO,BALANCE,NATGASCM,INDPROD,DEC2022,15876.5
OECDAO,BALANCE,NATGASCM,INDPROD,YTD2021,180391.401
OECDAO,BALANCE,NATGASCM,INDPROD,YTD2022,187265.863
OECDAO,BALANCE,NATGASCM,STCHANAT,2020,-789.937
OECDAO,BALANCE,NATGASCM,STCHANAT,2021,2744.727
OECDAO,BALANCE,NATGASCM,STCHANAT,4Q2022,604.688
OECDAO,BALANCE,NATGASCM,STCHANAT,DEC2021,-1377.782
OECDAO,BALANCE,NATGASCM,STCHANAT,DEC2022,-1793.512
OECDAO,BALANCE,NATGASCM,STCHANAT,YTD2021,2744.727
OECDAO,BALANCE,NATGASCM,STCHANAT,YTD2022,2430.688
OECDAO,BALANCE,NATGASCM,TOTENTSB,2020,168121.568
OECDAO,BALANCE,NATGASCM,TOTENTSB,2021,165944.419
OECDAO,BALANCE,NATGASCM,TOTENTSB,4Q2022,39571.458
OECDAO,BALANCE,NATGASCM,TOTENTSB,DEC2021,15427.954
OECDAO,BALANCE,NATGASCM,TOTENTSB,DEC2022,14064.25
OECDAO,BALANCE,NATGASCM,TOTENTSB,YTD2021,165944.419
OECDAO,BALANCE,NATGASCM,TOTENTSB,YTD2022,159685.533
OECDAO,BALANCE,NATGASCM,TOTEXTSB,2020,106022.0
OECDAO,BALANCE,NATGASCM,TOTEXTSB,2021,112839.0
OECDAO,BALANCE,NATGASCM,TOTEXTSB,4Q2022,29286.0
OECDAO,BALANCE,NATGASCM,TOTEXTSB,DEC2021,9765.0
OECDAO,BALANCE,NATGASCM,TOTEXTSB,DEC2022,9883.0
OECDAO,BALANCE,NATGASCM,TOTEXTSB,YTD2021,112839.0
OECDAO,BALANCE,NATGASCM,TOTEXTSB,YTD2022,113557.0
OECDEUR,BALANCE,NATGASCM,GDINCTRO,2020,507042.569
OECDEUR,BALANCE,NATGASCM,GDINCTRO,2021,537503.683
OECDEUR,BALANCE,NATGASCM,GDINCTRO,4Q2022,124743.773
OECDEUR,BALANCE,NATGASCM,GDINCTRO,DEC2021,62709.455
OECDEUR,BALANCE,NATGASCM,GDINCTRO,DEC2022,54260.713
OECDEUR,BALANCE,NATGASCM,GDINCTRO,YTD2021,537503.683
OECDEUR,BALANCE,NATGASCM,GDINCTRO,YTD2022,470326.013
OECDEUR,BALANCE,NATGASCM,INDPROD,2020,202093.197
OECDEUR,BALANCE,NATGASCM,INDPROD,2021,193860.389
OECDEUR,BALANCE,NATGASCM,INDPROD,4Q2022,52643.664
OECDEUR,BALANCE,NATGASCM,INDPROD,DEC2021,18317.935
OECDEUR,BALANCE,NATGASCM,INDPROD,DEC2022,18305.909
OECDEUR,BALANCE,NATGASCM,INDPROD,YTD2021,193860.389
OECDEUR,BALANCE,NATGASCM,INDPROD,YTD2022,204667.659
OECDEUR,BALANCE,NATGASCM,STCHANAT,2020,-13013.971
OECDEUR,BALANCE,NATGASCM,STCHANAT,2021,-23435.712
OECDEUR,BALANCE,NATGASCM,STCHANAT,4Q2022,-3817.425
OECDEUR,BALANCE,NATGASCM,STCHANAT,DEC2021,-15313.088
OECDEUR,BALANCE,NATGASCM,STCHANAT,DEC2022,-9717.29
OECDEUR,BALANCE,NATGASCM,STCHANAT,YTD2021,-23435.712
OECDEUR,BALANCE,NATGASCM,STCHANAT,YTD2022,35903.832
OECDEUR,BALANCE,NATGASCM,TOTENTSB,2020,733135.84
OECDEUR,BALANCE,NATGASCM,TOTENTSB,2021,737248.147
OECDEUR,BALANCE,NATGASCM,TOTENTSB,4Q2022,160635.511
OECDEUR,BALANCE,NATGASCM,TOTENTSB,DEC2021,65611.028
OECDEUR,BALANCE,NATGASCM,TOTENTSB,DEC2022,56961.884
OECDEUR,BALANCE,NATGASCM,TOTENTSB,YTD2021,737248.147
OECDEUR,BALANCE,NATGASCM,TOTENTSB,YTD2022,696789.388
OECDEUR,BALANCE,NATGASCM,TOTEXTSB,2020,441722.989
OECDEUR,BALANCE,NATGASCM,TOTEXTSB,2021,413730.631
OECDEUR,BALANCE,NATGASCM,TOTEXTSB,4Q2022,90756.913
OECDEUR,BALANCE,NATGASCM,TOTEXTSB,DEC2021,36339.226
OECDEUR,BALANCE,NATGASCM,TOTEXTSB,DEC2022,29923.12
OECDEUR,BALANCE,NATGASCM,TOTEXTSB,YTD2021,413730.631
OECDEUR,BALANCE,NATGASCM,TOTEXTSB,YTD2022,389746.734
OECDTOT,BALANCE,NATGASCM,GDINCTRO,2020,1791684.855
OECDTOT,BALANCE,NATGASCM,GDINCTRO,2021,1820408.062
OECDTOT,BALANCE,NATGASCM,GDINCTRO,4Q2022,474227.993
OECDTOT,BALANCE,NATGASCM,GDINCTRO,DEC2021,188819.606
OECDTOT,BALANCE,NATGASCM,GDINCTRO,DEC2022,191407.867
OECDTOT,BALANCE,NATGASCM,GDINCTRO,YTD2021,1820408.062
OECDTOT,BALANCE,NATGASCM,GDINCTRO,YTD2022,1804211.999
OECDTOT,BALANCE,NATGASCM,INDPROD,2020,1548432.312
OECDTOT,BALANCE,NATGASCM,INDPROD,2021,1582108.993
OECDTOT,BALANCE,NATGASCM,INDPROD,4Q2022,423409.153
OECDTOT,BALANCE,NATGASCM,INDPROD,DEC2021,140072.159
OECDTOT,BALANCE,NATGASCM,INDPROD,DEC2022,142225.329
OECDTOT,BALANCE,NATGASCM,INDPROD,YTD2021,1582108.993
OECDTOT,BALANCE,NATGASCM,INDPROD,YTD2022,1650730.293
OECDTOT,BALANCE,NATGASCM,STCHANAT,2020,-6298.116
OECDTOT,BALANCE,NATGASCM,STCHANAT,2021,-27195.304
OECDTOT,BALANCE,NATGASCM,STCHANAT,4Q2022,-12587.94
OECDTOT,BALANCE,NATGASCM,STCHANAT,DEC2021,-28363.876
OECDTOT,BALANCE,NATGASCM,STCHANAT,DEC2022,-31512.748
OECDTOT,BALANCE,NATGASCM,STCHANAT,YTD2021,-27195.304
OECDTOT,BALANCE,NATGASCM,STCHANAT,YTD2022,28716.379
OECDTOT,BALANCE,NATGASCM,TOTENTSB,2020,1010844.37
OECDTOT,BALANCE,NATGASCM,TOTENTSB,2021,1020752.356
OECDTOT,BALANCE,NATGASCM,TOTENTSB,4Q2022,231605.666
OECDTOT,BALANCE,NATGASCM,TOTENTSB,DEC2021,92018.122
OECDTOT,BALANCE,NATGASCM,TOTENTSB,DEC2022,82575.841
OECDTOT,BALANCE,NATGASCM,TOTENTSB,YTD2021,1020752.356
OECDTOT,BALANCE,NATGASCM,TOTENTSB,YTD2022,977322.624
OECDTOT,BALANCE,NATGASCM,TOTEXTSB,2020,768327.901
OECDTOT,BALANCE,NATGASCM,TOTEXTSB,2021,794517.849
OECDTOT,BALANCE,NATGASCM,TOTEXTSB,4Q2022,190336.499
OECDTOT,BALANCE,NATGASCM,TOTEXTSB,DEC2021,70769.603
OECDTOT,BALANCE,NATGASCM,TOTEXTSB,DEC2022,64929.001
OECDTOT,BALANCE,NATGASCM,TOTEXTSB,YTD2021,794517.849
OECDTOT,BALANCE,NATGASCM,TOTEXTSB,YTD2022,784522.754
POLAND,BALANCE,NATGASCM,GDINCTRO,2020,21992.73
POLAND,BALANCE,NATGASCM,GDINCTRO,2021,23416.605
POLAND,BALANCE,NATGASCM,GDINCTRO,4Q2022,5511.209
POLAND,BALANCE,NATGASCM,GDINCTRO,DEC2021,2625.271
POLAND,BALANCE,NATGASCM,GDINCTRO,DEC2022,2259.283
POLAND,BALANCE,NATGASCM,GDINCTRO,YTD2021,23416.605
POLAND,BALANCE,NATGASCM,GDINCTRO,YTD2022,19469.185
POLAND,BALANCE,NATGASCM,INDPROD,2020,5592.88
POLAND,BALANCE,NATGASCM,INDPROD,2021,5562.928
POLAND,BALANCE,NATGASCM,INDPROD,4Q2022,1400.874
POLAND,BALANCE,NATGASCM,INDPROD,DEC2021,499.253
POLAND,BALANCE,NATGASCM,INDPROD,DEC2022,483.11
POLAND,BALANCE,NATGASCM,INDPROD,YTD2021,5562.928
POLAND,BALANCE,NATGASCM,INDPROD,YTD2022,5483.238
POLAND,BALANCE,NATGASCM,STCHANAT,2020,-492.985
POLAND,BALANCE,NATGASCM,STCHANAT,2021,418.57
POLAND,BALANCE,NATGASCM,STCHANAT,4Q2022,-449.899
POLAND,BALANCE,NATGASCM,STCHANAT,DEC2021,-369.184
POLAND,BALANCE,NATGASCM,STCHANAT,DEC2022,-296.76
POLAND,BALANCE,NATGASCM,STCHANAT,YTD2021,418.57
POLAND,BALANCE,NATGASCM,STCHANAT,YTD2022,525.313
POLAND,BALANCE,NATGASCM,TOTENTSB,2020,41038.4
POLAND,BALANCE,NATGASCM,TOTENTSB,2021,39359.719
POLAND,BALANCE,NATGASCM,TOTENTSB,4Q2022,3847.821
POLAND,BALANCE,NATGASCM,TOTENTSB,DEC2021,2162.347
POLAND,BALANCE,NATGASCM,TOTENTSB,DEC2022,1482.11
POLAND,BALANCE,NATGASCM,TOTENTSB,YTD2021,39359.719
POLAND,BALANCE,NATGASCM,TOTENTSB,YTD2022,15223.511
POLAND,BALANCE,NATGASCM,TOTEXTSB,2020,25131.535
POLAND,BALANCE,NATGASCM,TOTEXTSB,2021,21087.472
POLAND,BALANCE,NATGASCM,TOTEXTSB,4Q2022,187.385
POLAND,BALANCE,NATGASCM,TOTEXTSB,DEC2021,405.513
POLAND,BALANCE,NATGASCM,TOTEXTSB,DEC2022,2.697
POLAND,BALANCE,NATGASCM,TOTEXTSB,YTD2021,21087.472
POLAND,BALANCE,NATGASCM,TOTEXTSB,YTD2022,712.251
PORTUGAL,BALANCE,NATGASCM,GDINCTRO,2020,5986.568
PORTUGAL,BALANCE,NATGASCM,GDINCTRO,2021,5762.376
PORTUGAL,BALANCE,NATGASCM,GDINCTRO,4Q2022,1301.532
PORTUGAL,BALANCE,NATGASCM,GDINCTRO,DEC2021,449.873
PORTUGAL,BALANCE,NATGASCM,GDINCTRO,DEC2022,377.06
PORTUGAL,BALANCE,NATGASCM,GDINCTRO,YTD2021,5762.376
PORTUGAL,BALANCE,NATGASCM,GDINCTRO,YTD2022,5493.237
PORTUGAL,BALANCE,NATGASCM,STCHANAT,2020,-42.962
PORTUGAL,BALANCE,NATGASCM,STCHANAT,2021,4.512
PORTUGAL,BALANCE,NATGASCM,STCHANAT,4Q2022,107.01
PORTUGAL,BALANCE,NATGASCM,STCHANAT,DEC2021,-39.427
PORTUGAL,BALANCE,NATGASCM,STCHANAT,DEC2022,115.412
PORTUGAL,BALANCE,NATGASCM,STCHANAT,YTD2021,4.512
PORTUGAL,BALANCE,NATGASCM,STCHANAT,YTD2022,223.585
PORTUGAL,BALANCE,NATGASCM,TOTENTSB,2020,6060.931
PORTUGAL,BALANCE,NATGASCM,TOTENTSB,2021,5874.846
PORTUGAL,BALANCE,NATGASCM,TOTENTSB,4Q2022,1505.079
PORTUGAL,BALANCE,NATGASCM,TOTENTSB,DEC2021,428.427
PORTUGAL,BALANCE,NATGASCM,TOTENTSB,DEC2022,528.069
PORTUGAL,BALANCE,NATGASCM,TOTENTSB,YTD2021,5874.846
PORTUGAL,BALANCE,NATGASCM,TOTENTSB,YTD2022,6179.498
PORTUGAL,BALANCE,NATGASCM,TOTEXTSB,2020,159.921
PORTUGAL,BALANCE,NATGASCM,TOTEXTSB,2021,195.092
PORTUGAL,BALANCE,NATGASCM,TOTEXTSB,4Q2022,97.073
PORTUGAL,BALANCE,NATGASCM,TOTEXTSB,DEC2021,5.271
PORTUGAL,BALANCE,NATGASCM,TOTEXTSB,DEC2022,35.913
PORTUGAL,BALANCE,NATGASCM,TOTEXTSB,YTD2021,195.092
PORTUGAL,BALANCE,NATGASCM,TOTEXTSB,YTD2022,384.476
SLOVAKIA,BALANCE,NATGASCM,GDINCTRO,2020,4876.883
SLOVAKIA,BALANCE,NATGASCM,GDINCTRO,2021,5462.606
SLOVAKIA,BALANCE,NATGASCM,GDINCTRO,4Q2022,1563.671
SLOVAKIA,BALANCE,NATGASCM,GDINCTRO,DEC2021,683.839
SLOVAKIA,BALANCE,NATGASCM,GDINCTRO,DEC2022,660.61
SLOVAKIA,BALANCE,NATGASCM,GDINCTRO,YTD2021,5462.606
SLOVAKIA,BALANCE,NATGASCM,GDINCTRO,YTD2022,5289.07
SLOVAKIA,BALANCE,NATGASCM,INDPROD,2020,65.869
SLOVAKIA,BALANCE,NATGASCM,INDPROD,2021,65.333
SLOVAKIA,BALANCE,NATGASCM,INDPROD,4Q2022,11.689
SLOVAKIA,BALANCE,NATGASCM,INDPROD,DEC2021,4.928
SLOVAKIA,BALANCE,NATGASCM,INDPROD,DEC2022,3.873
SLOVAKIA,BALANCE,NATGASCM,INDPROD,YTD2021,65.333
SLOVAKIA,BALANCE,NATGASCM,INDPROD,YTD2022,55.612
SLOVAKIA,BALANCE,NATGASCM,STCHANAT,2020,-509.694
SLOVAKIA,BALANCE,NATGASCM,STCHANAT,2021,-1645.832
SLOVAKIA,BALANCE,NATGASCM,STCHANAT,4Q2022,-195.439
SLOVAKIA,BALANCE,NATGASCM,STCHANAT,DEC2021,-685.362
SLOVAKIA,BALANCE,NATGASCM,STCHANAT,DEC2022,-575.335
SLOVAKIA,BALANCE,NATGASCM,STCHANAT,YTD2021,-1645.832
SLOVAKIA,BALANCE,NATGASCM,STCHANAT,YTD2022,977.591
SLOVAKIA,BALANCE,NATGASCM,TOTENTSB,2020,50688.435
SLOVAKIA,BALANCE,NATGASCM,TOTENTSB,2021,40361.571
SLOVAKIA,BALANCE,NATGASCM,TOTENTSB,4Q2022,4499.475
SLOVAKIA,BALANCE,NATGASCM,TOTENTSB,DEC2021,3262.351
SLOVAKIA,BALANCE,NATGASCM,TOTENTSB,DEC2022,1385.122
SLOVAKIA,BALANCE,NATGASCM,TOTENTSB,YTD2021,40361.571
SLOVAKIA,BALANCE,NATGASCM,TOTENTSB,YTD2022,25477.786
SLOVAKIA,BALANCE,NATGASCM,TOTEXTSB,2020,46387.115
SLOVAKIA,BALANCE,NATGASCM,TOTEXTSB,2021,36610.129
SLOVAKIA,BALANCE,NATGASCM,TOTEXTSB,4Q2022,3142.932
SLOVAKIA,BALANCE,NATGASCM,TOTEXTSB,DEC2021,3268.802
SLOVAKIA,BALANCE,NATGASCM,TOTEXTSB,DEC2022,1303.72
SLOVAKIA,BALANCE,NATGASCM,TOTEXTSB,YTD2021,36610.129
SLOVAKIA,BALANCE,NATGASCM,TOTEXTSB,YTD2022,19266.737
SLOVENIA,BALANCE,NATGASCM,GDINCTRO,2020,905.434
SLOVENIA,BALANCE,NATGASCM,GDINCTRO,2021,951.567
SLOVENIA,BALANCE,NATGASCM,GDINCTRO,4Q2022,225.634
SLOVENIA,BALANCE,NATGASCM,GDINCTRO,DEC2021,111.515
SLOVENIA,BALANCE,NATGASCM,GDINCTRO,DEC2022,90.8
SLOVENIA,BALANCE,NATGASCM,GDINCTRO,YTD2021,951.567
SLOVENIA,BALANCE,NATGASCM,GDINCTRO,YTD2022,839.615
SLOVENIA,BALANCE,NATGASCM,INDPROD,2020,5.334
SLOVENIA,BALANCE,NATGASCM,INDPROD,2021,5.067
SLOVENIA,BALANCE,NATGASCM,INDPROD,4Q2022,1.134
SLOVENIA,BALANCE,NATGASCM,INDPROD,DEC2021,0.515
SLOVENIA,BALANCE,NATGASCM,INDPROD,DEC2022,0.3
SLOVENIA,BALANCE,NATGASCM,INDPROD,YTD2021,5.067
SLOVENIA,BALANCE,NATGASCM,INDPROD,YTD2022,4.315
SLOVENIA,BALANCE,NATGASCM,TOTENTSB,2020,1565.1
SLOVENIA,BALANCE,NATGASCM,TOTENTSB,2021,1116.7
SLOVENIA,BALANCE,NATGASCM,TOTENTSB,4Q2022,320.6
SLOVENIA,BALANCE,NATGASCM,TOTENTSB,DEC2021,131.8
SLOVENIA,BALANCE,NATGASCM,TOTENTSB,DEC2022,95.9
SLOVENIA,BALANCE,NATGASCM,TOTENTSB,YTD2021,1116.7
SLOVENIA,BALANCE,NATGASCM,TOTENTSB,YTD2022,1247.6
SLOVENIA,BALANCE,NATGASCM,TOTEXTSB,2020,665.0
SLOVENIA,BALANCE,NATGASCM,TOTEXTSB,2021,170.2
SLOVENIA,BALANCE,NATGASCM,TOTEXTSB,4Q2022,96.1
SLOVENIA,BALANCE,NATGASCM,TOTEXTSB,DEC2021,20.8
SLOVENIA,BALANCE,NATGASCM,TOTEXTSB,DEC2022,5.4
SLOVENIA,BALANCE,NATGASCM,TOTEXTSB,YTD2021,170.2
SLOVENIA,BALANCE,NATGASCM,TOTEXTSB,YTD2022,412.3
SPAIN,BALANCE,NATGASCM,GDINCTRO,2020,31738.0
SPAIN,BALANCE,NATGASCM,GDINCTRO,2021,33581.511
SPAIN,BALANCE,NATGASCM,GDINCTRO,4Q2022,7459.713
SPAIN,BALANCE,NATGASCM,GDINCTRO,DEC2021,3393.886
SPAIN,BALANCE,NATGASCM,GDINCTRO,DEC2022,2472.653
SPAIN,BALANCE,NATGASCM,GDINCTRO,YTD2021,33581.511
SPAIN,BALANCE,NATGASCM,GDINCTRO,YTD2022,32340.774
SPAIN,BALANCE,NATGASCM,INDPROD,2020,58.207
SPAIN,BALANCE,NATGASCM,INDPROD,2021,48.037
SPAIN,BALANCE,NATGASCM,INDPROD,4Q2022,14.905
SPAIN,BALANCE,NATGASCM,INDPROD,DEC2021,3.508
SPAIN,BALANCE,NATGASCM,INDPROD,DEC2022,4.654
SPAIN,BALANCE,NATGASCM,INDPROD,YTD2021,48.037
SPAIN,BALANCE,NATGASCM,INDPROD,YTD2022,47.023
SPAIN,BALANCE,NATGASCM,STCHANAT,2020,-763.0
SPAIN,BALANCE,NATGASCM,STCHANAT,2021,64.45
SPAIN,BALANCE,NATGASCM,STCHANAT,4Q2022,190.967
SPAIN,BALANCE,NATGASCM,STCHANAT,DEC2021,-173.223
SPAIN,BALANCE,NATGASCM,STCHANAT,DEC2022,13.668
SPAIN,BALANCE,NATGASCM,STCHANAT,YTD2021,64.45
SPAIN,BALANCE,NATGASCM,STCHANAT,YTD2022,1158.604
SPAIN,BALANCE,NATGASCM,TOTENTSB,2020,32489.0
SPAIN,BALANCE,NATGASCM,TOTENTSB,2021,36969.174
SPAIN,BALANCE,NATGASCM,TOTENTSB,4Q2022,9755.603
SPAIN,BALANCE,NATGASCM,TOTENTSB,DEC2021,3430.805
SPAIN,BALANCE,NATGASCM,TOTENTSB,DEC2022,3390.434
SPAIN,BALANCE,NATGASCM,TOTENTSB,YTD2021,36969.174
SPAIN,BALANCE,NATGASCM,TOTENTSB,YTD2022,39675.032
SPAIN,BALANCE,NATGASCM,TOTEXTSB,2020,1189.274
SPAIN,BALANCE,NATGASCM,TOTEXTSB,2021,3018.237
SPAIN,BALANCE,NATGASCM,TOTEXTSB,4Q2022,2113.829
SPAIN,BALANCE,NATGASCM,TOTEXTSB,DEC2021,170.279
SPAIN,BALANCE,NATGASCM,TOTEXTSB,DEC2022,929.738
SPAIN,BALANCE,NATGASCM,TOTEXTSB,YTD2021,3018.237
SPAIN,BALANCE,NATGASCM,TOTEXTSB,YTD2022,6016.533
SWEDEN,BALANCE,NATGASCM,GDINCTRO,2020,1101.0
SWEDEN,BALANCE,NATGASCM,GDINCTRO,2021,1272.084
SWEDEN,BALANCE,NATGASCM,GDINCTRO,4Q2022,170.349
SWEDEN,BALANCE,NATGASCM,GDINCTRO,DEC2021,141.216
SWEDEN,BALANCE,NATGASCM,GDINCTRO,DEC2022,81.701
SWEDEN,BALANCE,NATGASCM,GDINCTRO,YTD2021,1272.084
SWEDEN,BALANCE,NATGASCM,GDINCTRO,YTD2022,869.938
SWEDEN,BALANCE,NATGASCM,STCHANAT,4Q2022,-14.382
SWEDEN,BALANCE,NATGASCM,STCHANAT,DEC2022,-7.513
SWEDEN,BALANCE,NATGASCM,STCHANAT,YTD2022,16.351
SWEDEN,BALANCE,NATGASCM,TOTENTSB,2020,1122.0
SWEDEN,BALANCE,NATGASCM,TOTENTSB,2021,1344.077
SWEDEN,BALANCE,NATGASCM,TOTENTSB,4Q2022,171.346
SWEDEN,BALANCE,NATGASCM,TOTENTSB,DEC2021,143.12
SWEDEN,BALANCE,NATGASCM,TOTENTSB,DEC2022,74.684
SWEDEN,BALANCE,NATGASCM,TOTENTSB,YTD2021,1344.077
SWEDEN,BALANCE,NATGASCM,TOTENTSB,YTD2022,919.272
SWEDEN,BALANCE,NATGASCM,TOTEXTSB,2020,14.0
SWEDEN,BALANCE,NATGASCM,TOTEXTSB,2021,49.27
SWEDEN,BALANCE,NATGASCM,TOTEXTSB,4Q2022,1.352
SWEDEN,BALANCE,NATGASCM,TOTEXTSB,DEC2021,0.51
SWEDEN,BALANCE,NATGASCM,TOTEXTSB,DEC2022,0.496
SWEDEN,BALANCE,NATGASCM,TOTEXTSB,YTD2021,49.27
SWEDEN,BALANCE,NATGASCM,TOTEXTSB,YTD2022,13.399
SWITLAND,BALANCE,NATGASCM,GDINCTRO,2020,3393.854
SWITLAND,BALANCE,NATGASCM,GDINCTRO,2021,3551.435
SWITLAND,BALANCE,NATGASCM,GDINCTRO,4Q2022,919.326
SWITLAND,BALANCE,NATGASCM,GDINCTRO,DEC2021,498.571
SWITLAND,BALANCE,NATGASCM,GDINCTRO,DEC2022,429.96
SWITLAND,BALANCE,NATGASCM,GDINCTRO,YTD2021,3551.435
SWITLAND,BALANCE,NATGASCM,GDINCTRO,YTD2022,3140.719
SWITLAND,BALANCE,NATGASCM,INDPROD,2020,37.99
SWITLAND,BALANCE,NATGASCM,INDPROD,2021,39.285
SWITLAND,BALANCE,NATGASCM,INDPROD,4Q2022,11.677
SWITLAND,BALANCE,NATGASCM,INDPROD,DEC2021,3.635
SWITLAND,BALANCE,NATGASCM,INDPROD,DEC2022,4.115
SWITLAND,BALANCE,NATGASCM,INDPROD,YTD2021,39.285
SWITLAND,BALANCE,NATGASCM,INDPROD,YTD2022,44.866
SWITLAND,BALANCE,NATGASCM,TOTENTSB,2020,11835.093
SWITLAND,BALANCE,NATGASCM,TOTENTSB,2021,5449.894
SWITLAND,BALANCE,NATGASCM,TOTENTSB,4Q2022,2438.603
SWITLAND,BALANCE,NATGASCM,TOTENTSB,DEC2021,990.578
SWITLAND,BALANCE,NATGASCM,TOTENTSB,DEC2022,853.24
SWITLAND,BALANCE,NATGASCM,TOTENTSB,YTD2021,5449.894
SWITLAND,BALANCE,NATGASCM,TOTENTSB,YTD2022,10696.913
SWITLAND,BALANCE,NATGASCM,TOTEXTSB,2020,8470.777
SWITLAND,BALANCE,NATGASCM,TOTEXTSB,2021,1937.744
SWITLAND,BALANCE,NATGASCM,TOTEXTSB,4Q2022,1530.954
SWITLAND,BALANCE,NATGASCM,TOTEXTSB,DEC2021,495.642
SWITLAND,BALANCE,NATGASCM,TOTEXTSB,DEC2022,427.395
SWITLAND,BALANCE,NATGASCM,TOTEXTSB,YTD2021,1937.744
SWITLAND,BALANCE,NATGASCM,TOTEXTSB,YTD2022,7601.06
TURKIYE,BALANCE,NATGASCM,GDINCTRO,2020,48232.491
TURKIYE,BALANCE,NATGASCM,GDINCTRO,2021,59650.68
TURKIYE,BALANCE,NATGASCM,GDINCTRO,4Q2022,11711.62
TURKIYE,BALANCE,NATGASCM,GDINCTRO,DEC2021,6691.7
TURKIYE,BALANCE,NATGASCM,GDINCTRO,DEC2022,5768.31
TURKIYE,BALANCE,NATGASCM,GDINCTRO,YTD2021,59650.68
TURKIYE,BALANCE,NATGASCM,GDINCTRO,YTD2022,51040.56
TURKIYE,BALANCE,NATGASCM,INDPROD,2020,441.39
TURKIYE,BALANCE,NATGASCM,INDPROD,2021,393.61
TURKIYE,BALANCE,NATGASCM,INDPROD,4Q2022,110.17
TURKIYE,BALANCE,NATGASCM,INDPROD,DEC2021,31.22
TURKIYE,BALANCE,NATGASCM,INDPROD,DEC2022,38.45
TURKIYE,BALANCE,NATGASCM,INDPROD,YTD2021,393.61
TURKIYE,BALANCE,NATGASCM,INDPROD,YTD2022,379.82
TURKIYE,BALANCE,NATGASCM,STCHANAT,2020,-242.64
TURKIYE,BALANCE,NATGASCM,STCHANAT,2021,-937.43
TURKIYE,BALANCE,NATGASCM,STCHANAT,4Q2022,1437.61
TURKIYE,BALANCE,NATGASCM,STCHANAT,DEC2021,-498.76
TURKIYE,BALANCE,NATGASCM,STCHANAT,DEC2022,58.61
TURKIYE,BALANCE,NATGASCM,STCHANAT,YTD2021,-937.43
TURKIYE,BALANCE,NATGASCM,STCHANAT,YTD2022,3419.89
TURKIYE,BALANCE,NATGASCM,TOTENTSB,2020,48125.771
TURKIYE,BALANCE,NATGASCM,TOTENTSB,2021,58702.16
TURKIYE,BALANCE,NATGASCM,TOTENTSB,4Q2022,13170.18
TURKIYE,BALANCE,NATGASCM,TOTENTSB,DEC2021,6184.26
TURKIYE,BALANCE,NATGASCM,TOTENTSB,DEC2022,5808.85
TURKIYE,BALANCE,NATGASCM,TOTENTSB,YTD2021,58702.16
TURKIYE,BALANCE,NATGASCM,TOTENTSB,YTD2022,54662.06
TURKIYE,BALANCE,NATGASCM,TOTEXTSB,2020,577.31
TURKIYE,BALANCE,NATGASCM,TOTEXTSB,2021,382.52
TURKIYE,BALANCE,NATGASCM,TOTEXTSB,4Q2022,131.12
TURKIYE,BALANCE,NATGASCM,TOTEXTSB,DEC2021,22.54
TURKIYE,BALANCE,NATGASCM,TOTEXTSB,DEC2022,20.38
TURKIYE,BALANCE,NATGASCM,TOTEXTSB,YTD2021,382.52
TURKIYE,BALANCE,NATGASCM,TOTEXTSB,YTD2022,581.43
UK,BALANCE,NATGASCM,GDINCTRO,2020,73336.493
UK,BALANCE,NATGASCM,GDINCTRO,2021,76273.114
UK,BALANCE,NATGASCM,GDINCTRO,4Q2022,19944.879
UK,BALANCE,NATGASCM,GDINCTRO,DEC2021,8500.22
UK,BALANCE,NATGASCM,GDINCTRO,DEC2022,8624.815
UK,BALANCE,NATGASCM,GDINCTRO,YTD2021,76273.114
UK,BALANCE,NATGASCM,GDINCTRO,YTD2022,71028.975
UK,BALANCE,NATGASCM,INDPROD,2020,39931.396
UK,BALANCE,NATGASCM,INDPROD,2021,33081.468
UK,BALANCE,NATGASCM,INDPROD,4Q2022,9918.335
UK,BALANCE,NATGASCM,INDPROD,DEC2021,3346.457
UK,BALANCE,NATGASCM,INDPROD,DEC2022,3417.36
UK,BALANCE,NATGASCM,INDPROD,YTD2021,33081.468
UK,BALANCE,NATGASCM,INDPROD,YTD2022,38390.966
UK,BALANCE,NATGASCM,STCHANAT,2020,1000.473
UK,BALANCE,NATGASCM,STCHANAT,2021,1223.37
UK,BALANCE,NATGASCM,STCHANAT,4Q2022,336.642
UK,BALANCE,NATGASCM,STCHANAT,DEC2021,-233.019
UK,BALANCE,NATGASCM,STCHANAT,DEC2022,-206.511
UK,BALANCE,NATGASCM,STCHANAT,YTD2021,1223.37
UK,BALANCE,NATGASCM,STCHANAT,YTD2022,381.102
UK,BALANCE,NATGASCM,TOTENTSB,2020,43925.149
UK,BALANCE,NATGASCM,TOTENTSB,2021,51070.296
UK,BALANCE,NATGASCM,TOTENTSB,4Q2022,16040.687
UK,BALANCE,NATGASCM,TOTENTSB,DEC2021,5362.658
UK,BALANCE,NATGASCM,TOTENTSB,DEC2022,6663.255
UK,BALANCE,NATGASCM,TOTENTSB,YTD2021,51070.296
UK,BALANCE,NATGASCM,TOTENTSB,YTD2022,56523.465
UK,BALANCE,NATGASCM,TOTEXTSB,2020,9597.016
UK,BALANCE,NATGASCM,TOTEXTSB,2021,6815.478
UK,BALANCE,NATGASCM,TOTEXTSB,4Q2022,5746.125
UK,BALANCE,NATGASCM,TOTEXTSB,DEC2021,699.649
UK,BALANCE,NATGASCM,TOTEXTSB,DEC2022,1683.468
UK,BALANCE,NATGASCM,TOTEXTSB,YTD2021,6815.478
UK,BALANCE,NATGASCM,TOTEXTSB,YTD2022,23484.076
USA,BALANCE,NATGASCM,GDINCTRO,2020,864046.0
USA,BALANCE,NATGASCM,GDINCTRO,2021,868335.0
USA,BALANCE,NATGASCM,GDINCTRO,4Q2022,241412.0
USA,BALANCE,NATGASCM,GDINCTRO,DEC2021,85158.0
USA,BALANCE,NATGASCM,GDINCTRO,DEC2022,95857.0
USA,BALANCE,NATGASCM,GDINCTRO,YTD2021,868335.0
USA,BALANCE,NATGASCM,GDINCTRO,YTD2022,915155.0
USA,BALANCE,NATGASCM,INDPROD,2020,950199.0
USA,BALANCE,NATGASCM,INDPROD,2021,979306.0
USA,BALANCE,NATGASCM,INDPROD,4Q2022,261334.0
USA,BALANCE,NATGASCM,INDPROD,DEC2021,86156.0
USA,BALANCE,NATGASCM,INDPROD,DEC2022,87030.0
USA,BALANCE,NATGASCM,INDPROD,YTD2021,979306.0
USA,BALANCE,NATGASCM,INDPROD,YTD2022,1015698.0
USA,BALANCE,NATGASCM,STCHANAT,2020,4325.0
USA,BALANCE,NATGASCM,STCHANAT,2021,-3709.0
USA,BALANCE,NATGASCM,STCHANAT,4Q2022,-6189.0
USA,BALANCE,NATGASCM,STCHANAT,DEC2021,-9140.0
USA,BALANCE,NATGASCM,STCHANAT,DEC2022,-16256.0
USA,BALANCE,NATGASCM,STCHANAT,YTD2021,-3709.0
USA,BALANCE,NATGASCM,STCHANAT,YTD2022,-8011.0
USA,BALANCE,NATGASCM,TOTENTSB,2020,72241.0
USA,BALANCE,NATGASCM,TOTENTSB,2021,79516.0
USA,BALANCE,NATGASCM,TOTENTSB,4Q2022,22039.0
USA,BALANCE,NATGASCM,TOTENTSB,DEC2021,7154.0
USA,BALANCE,NATGASCM,TOTENTSB,DEC2022,8295.0
USA,BALANCE,NATGASCM,TOTENTSB,YTD2021,79516.0
USA,BALANCE,NATGASCM,TOTENTSB,YTD2022,85595.0
USA,BALANCE,NATGASCM,TOTEXTSB,2020,149640.0
USA,BALANCE,NATGASCM,TOTEXTSB,2021,188376.0
USA,BALANCE,NATGASCM,TOTEXTSB,4Q2022,48292.0
USA,BALANCE,NATGASCM,TOTEXTSB,DEC2021,17583.0
USA,BALANCE,NATGASCM,TOTEXTSB,DEC2022,16911.0
USA,BALANCE,NATGASCM,TOTEXTSB,YTD2021,188376.0
USA,BALANCE,NATGASCM,TOTEXTSB,YTD2022,195161.0
OECDAM,ENTRIES,NATGASCM,AUSTRALI,2020,147.0
OECDAM,ENTRIES,NATGASCM,AUSTRALI,2021,8.0
OECDAM,ENTRIES,NATGASCM,AUSTRALI,YTD2021,8.0
OECDAM,ENTRIES,NATGASCM,AUSTRALI,YTD2022,213.0
OECDAM,ENTRIES,NATGASCM,CANADA,2020,70799.0
OECDAM,ENTRIES,NATGASCM,CANADA,2021,78859.0
OECDAM,ENTRIES,NATGASCM,CANADA,4Q2022,21919.0
OECDAM,ENTRIES,NATGASCM,CANADA,DEC2021,7106.0
OECDAM,ENTRIES,NATGASCM,CANADA,DEC2022,8211.0
OECDAM,ENTRIES,NATGASCM,CANADA,YTD2021,78859.0
OECDAM,ENTRIES,NATGASCM,CANADA,YTD2022,84896.0
OECDAM,ENTRIES,NATGASCM,NIGERIA,2020,195.0
OECDAM,ENTRIES,NATGASCM,NIGERIA,YTD2022,4.0
OECDAM,ENTRIES,NATGASCM,NORWAY,2020,86.0
OECDAM,ENTRIES,NATGASCM,OTHENT,2020,4560.306
OECDAM,ENTRIES,NATGASCM,OTHENT,2021,2678.146
OECDAM,ENTRIES,NATGASCM,OTHENT,4Q2022,1517.768
OECDAM,ENTRIES,NATGASCM,OTHENT,DEC2021,291.7
OECDAM,ENTRIES,NATGASCM,OTHENT,DEC2022,482.8
OECDAM,ENTRIES,NATGASCM,OTHENT,YTD2021,2678.146
OECDAM,ENTRIES,NATGASCM,OTHENT,YTD2022,5479.578
OECDAM,ENTRIES,NATGASCM,OTHOECD,2020,50.0
OECDAM,ENTRIES,NATGASCM,OTHOECD,2021,49.0
OECDAM,ENTRIES,NATGASCM,OTHOECD,4Q2022,6.0
OECDAM,ENTRIES,NATGASCM,OTHOECD,DEC2021,2.0
OECDAM,ENTRIES,NATGASCM,OTHOECD,DEC2022,4.0
OECDAM,ENTRIES,NATGASCM,OTHOECD,YTD2021,49.0
OECDAM,ENTRIES,NATGASCM,OTHOECD,YTD2022,32.0
OECDAM,ENTRIES,NATGASCM,TOTENTST,2020,109586.962
OECDAM,ENTRIES,NATGASCM,TOTENTST,2021,117559.79
OECDAM,ENTRIES,NATGASCM,TOTENTST,4Q2022,31398.697
OECDAM,ENTRIES,NATGASCM,TOTENTST,DEC2021,10979.14
OECDAM,ENTRIES,NATGASCM,TOTENTST,DEC2022,11549.707
OECDAM,ENTRIES,NATGASCM,TOTENTST,YTD2021,117559.79
OECDAM,ENTRIES,NATGASCM,TOTENTST,YTD2022,120847.703
OECDAM,ENTRIES,NATGASCM,USA,2020,33749.656
OECDAM,ENTRIES,NATGASCM,USA,2021,35965.644
OECDAM,ENTRIES,NATGASCM,USA,4Q2022,7901.138
OECDAM,ENTRIES,NATGASCM,USA,DEC2021,3579.44
OECDAM,ENTRIES,NATGASCM,USA,DEC2022,2851.907
OECDAM,ENTRIES,NATGASCM,USA,YTD2021,35965.644
OECDAM,ENTRIES,NATGASCM,USA,YTD2022,30168.334
OECDAO,ENTRIES,NATGASCM,ALGERIA,2021,47.004
OECDAO,ENTRIES,NATGASCM,ALGERIA,4Q2022,165.496
OECDAO,ENTRIES,NATGASCM,ALGERIA,DEC2021,47.004
OECDAO,ENTRIES,NATGASCM,ALGERIA,DEC2022,80.449
OECDAO,ENTRIES,NATGASCM,ALGERIA,YTD2021,47.004
OECDAO,ENTRIES,NATGASCM,ALGERIA,YTD2022,249.496
OECDAO,ENTRIES,NATGASCM,AUSTRALI,2020,52053.219
OECDAO,ENTRIES,NATGASCM,AUSTRALI,2021,48095.138
OECDAO,ENTRIES,NATGASCM,AUSTRALI,4Q2022,14386.822
OECDAO,ENTRIES,NATGASCM,AUSTRALI,DEC2021,4665.612
OECDAO,ENTRIES,NATGASCM,AUSTRALI,DEC2022,4793.798
OECDAO,ENTRIES,NATGASCM,AUSTRALI,YTD2021,48095.138
OECDAO,ENTRIES,NATGASCM,AUSTRALI,YTD2022,56147.781
OECDAO,ENTRIES,NATGASCM,BELGIUM,2020,165.0
OECDAO,ENTRIES,NATGASCM,BELGIUM,2021,525.0
OECDAO,ENTRIES,NATGASCM,BELGIUM,DEC2021,85.0
OECDAO,ENTRIES,NATGASCM,BELGIUM,YTD2021,525.0
OECDAO,ENTRIES,NATGASCM,BELGIUM,YTD2022,346.0
OECDAO,ENTRIES,NATGASCM,FRANCE,2020,88.0
OECDAO,ENTRIES,NATGASCM,INDONESIA,2020,6844.815
OECDAO,ENTRIES,NATGASCM,INDONESIA,2021,5469.735
OECDAO,ENTRIES,NATGASCM,INDONESIA,4Q2022,1989.498
OECDAO,ENTRIES,NATGASCM,INDONESIA,DEC2021,694.39
OECDAO,ENTRIES,NATGASCM,INDONESIA,DEC2022,832.232
OECDAO,ENTRIES,NATGASCM,INDONESIA,YTD2021,5469.735
OECDAO,ENTRIES,NATGASCM,INDONESIA,YTD2022,7436.327
OECDAO,ENTRIES,NATGASCM,MALAYSIA,2020,21783.527
OECDAO,ENTRIES,NATGASCM,MALAYSIA,2021,18614.455
OECDAO,ENTRIES,NATGASCM,MALAYSIA,4Q2022,5875.469
OECDAO,ENTRIES,NATGASCM,MALAYSIA,DEC2021,1530.232
OECDAO,ENTRIES,NATGASCM,MALAYSIA,DEC2022,1860.025
OECDAO,ENTRIES,NATGASCM,MALAYSIA,YTD2021,18614.455
OECDAO,ENTRIES,NATGASCM,MALAYSIA,YTD2022,23149.902
OECDAO,ENTRIES,NATGASCM,NIGERIA,2020,2397.238
OECDAO,ENTRIES,NATGASCM,NIGERIA,2021,2061.071
OECDAO,ENTRIES,NATGASCM,NIGERIA,4Q2022,390.072
OECDAO,ENTRIES,NATGASCM,NIGERIA,DEC2021,201.538
OECDAO,ENTRIES,NATGASCM,NIGERIA,DEC2022,154.353
OECDAO,ENTRIES,NATGASCM,NIGERIA,YTD2021,2061.071
OECDAO,ENTRIES,NATGASCM,NIGERIA,YTD2022,1991.265
OECDAO,ENTRIES,NATGASCM,NORWAY,2020,0.0
OECDAO,ENTRIES,NATGASCM,OMAN,2020,9031.537
OECDAO,ENTRIES,NATGASCM,OMAN,2021,8533.159
OECDAO,ENTRIES,NATGASCM,OMAN,4Q2022,2363.589
OECDAO,ENTRIES,NATGASCM,OMAN,DEC2021,823.444
OECDAO,ENTRIES,NATGASCM,OMAN,DEC2022,806.804
OECDAO,ENTRIES,NATGASCM,OMAN,YTD2021,8533.159
OECDAO,ENTRIES,NATGASCM,OMAN,YTD2022,9738.659
OECDAO,ENTRIES,NATGASCM,OTHENT,2020,24511.518
OECDAO,ENTRIES,NATGASCM,OTHENT,2021,22626.742
OECDAO,ENTRIES,NATGASCM,OTHENT,4Q2022,4469.12
OECDAO,ENTRIES,NATGASCM,OTHENT,DEC2021,1852.048
OECDAO,ENTRIES,NATGASCM,OTHENT,DEC2022,1458.13
OECDAO,ENTRIES,NATGASCM,OTHENT,YTD2021,22626.742
OECDAO,ENTRIES,NATGASCM,OTHENT,YTD2022,19094.374
OECDAO,ENTRIES,NATGASCM,OTHOECD,2020,0.0
OECDAO,ENTRIES,NATGASCM,OTHOECD,2021,15.0
OECDAO,ENTRIES,NATGASCM,OTHOECD,YTD2021,15.0
OECDAO,ENTRIES,NATGASCM,QATAR,2020,24917.564
OECDAO,ENTRIES,NATGASCM,QATAR,2021,27223.099
OECDAO,ENTRIES,NATGASCM,QATAR,4Q2022,4327.164
OECDAO,ENTRIES,NATGASCM,QATAR,DEC2021,2448.09
OECDAO,ENTRIES,NATGASCM,QATAR,DEC2022,1931.825
OECDAO,ENTRIES,NATGASCM,QATAR,YTD2021,27223.099
OECDAO,ENTRIES,NATGASCM,QATAR,YTD2022,16848.773
OECDAO,ENTRIES,NATGASCM,RUSSIA,2020,11439.1
OECDAO,ENTRIES,NATGASCM,RUSSIA,2021,11920.613
OECDAO,ENTRIES,NATGASCM,RUSSIA,4Q2022,2746.684
OECDAO,ENTRIES,NATGASCM,RUSSIA,DEC2021,1194.119
OECDAO,ENTRIES,NATGASCM,RUSSIA,DEC2022,1028.855
OECDAO,ENTRIES,NATGASCM,RUSSIA,YTD2021,11920.613
OECDAO,ENTRIES,NATGASCM,RUSSIA,YTD2022,11542.621
OECDAO,ENTRIES,NATGASCM,TOTENTST,2020,168121.568
OECDAO,ENTRIES,NATGASCM,TOTENTST,2021,165944.419
OECDAO,ENTRIES,NATGASCM,TOTENTST,4Q2022,39571.458
OECDAO,ENTRIES,NATGASCM,TOTENTST,DEC2021,15427.954
OECDAO,ENTRIES,NATGASCM,TOTENTST,DEC2022,14064.25
OECDAO,ENTRIES,NATGASCM,TOTENTST,YTD2021,165944.419
OECDAO,ENTRIES,NATGASCM,TOTENTST,YTD2022,159685.533
OECDAO,ENTRIES,NATGASCM,USA,2020,14890.05
OECDAO,ENTRIES,NATGASCM,USA,2021,20654.403
OECDAO,ENTRIES,NATGASCM,USA,4Q2022,2857.544
OECDAO,ENTRIES,NATGASCM,USA,DEC2021,1886.477
OECDAO,ENTRIES,NATGASCM,USA,DEC2022,1117.779
OECDAO,ENTRIES,NATGASCM,USA,YTD2021,20654.403
OECDAO,ENTRIES,NATGASCM,USA,YTD2022,13140.335
OECDEUR,ENTRIES,NATGASCM,ALGERIA,2020,22710.13
OECDEUR,ENTRIES,NATGASCM,ALGERIA,2021,27382.773
OECDEUR,ENTRIES,NATGASCM,ALGERIA,4Q2022,10117.213
OECDEUR,ENTRIES,NATGASCM,ALGERIA,DEC2021,2376.457
OECDEUR,ENTRIES,NATGASCM,ALGERIA,DEC2022,4056.314
OECDEUR,ENTRIES,NATGASCM,ALGERIA,YTD2021,27382.773
OECDEUR,ENTRIES,NATGASCM,ALGERIA,YTD2022,37454.81
OECDEUR,ENTRIES,NATGASCM,AUSTRALI,2021,74.904
OECDEUR,ENTRIES,NATGASCM,AUSTRALI,4Q2022,160.09
OECDEUR,ENTRIES,NATGASCM,AUSTRALI,DEC2021,15.325
OECDEUR,ENTRIES,NATGASCM,AUSTRALI,YTD2021,74.904
OECDEUR,ENTRIES,NATGASCM,AUSTRALI,YTD2022,165.276
OECDEUR,ENTRIES,NATGASCM,BELARUS,2020,36619.545
OECDEUR,ENTRIES,NATGASCM,BELARUS,2021,33429.17
OECDEUR,ENTRIES,NATGASCM,BELARUS,4Q2022,494.2
OECDEUR,ENTRIES,NATGASCM,BELARUS,DEC2021,1640.886
OECDEUR,ENTRIES,NATGASCM,BELARUS,DEC2022,231.8
OECDEUR,ENTRIES,NATGASCM,BELARUS,YTD2021,33429.17
OECDEUR,ENTRIES,NATGASCM,BELARUS,YTD2022,4861.036
OECDEUR,ENTRIES,NATGASCM,BELGIUM,2020,20270.47
OECDEUR,ENTRIES,NATGASCM,BELGIUM,2021,19077.661
OECDEUR,ENTRIES,NATGASCM,BELGIUM,4Q2022,11296.986
OECDEUR,ENTRIES,NATGASCM,BELGIUM,DEC2021,1539.559
OECDEUR,ENTRIES,NATGASCM,BELGIUM,DEC2022,3615.258
OECDEUR,ENTRIES,NATGASCM,BELGIUM,YTD2021,19077.661
OECDEUR,ENTRIES,NATGASCM,BELGIUM,YTD2022,42805.089
OECDEUR,ENTRIES,NATGASCM,BULGARIA,2020,2393.769
OECDEUR,ENTRIES,NATGASCM,BULGARIA,2021,2604.046
OECDEUR,ENTRIES,NATGASCM,BULGARIA,4Q2022,70.198
OECDEUR,ENTRIES,NATGASCM,BULGARIA,DEC2021,206.878
OECDEUR,ENTRIES,NATGASCM,BULGARIA,DEC2022,65.588
OECDEUR,ENTRIES,NATGASCM,BULGARIA,YTD2021,2604.046
OECDEUR,ENTRIES,NATGASCM,BULGARIA,YTD2022,816.425
OECDEUR,ENTRIES,NATGASCM,FRANCE,2020,10512.766
OECDEUR,ENTRIES,NATGASCM,FRANCE,2021,6867.119
OECDEUR,ENTRIES,NATGASCM,FRANCE,4Q2022,4902.076
OECDEUR,ENTRIES,NATGASCM,FRANCE,DEC2021,1010.657
OECDEUR,ENTRIES,NATGASCM,FRANCE,DEC2022,1496.053
OECDEUR,ENTRIES,NATGASCM,FRANCE,YTD2021,6867.119
OECDEUR,ENTRIES,NATGASCM,FRANCE,YTD2022,16549.41
OECDEUR,ENTRIES,NATGASCM,GERMANY,2020,82556.273
OECDEUR,ENTRIES,NATGASCM,GERMANY,2021,77869.647
OECDEUR,ENTRIES,NATGASCM,GERMANY,4Q2022,7926.691
OECDEUR,ENTRIES,NATGASCM,GERMANY,DEC2021,6050.141
OECDEUR,ENTRIES,NATGASCM,GERMANY,DEC2022,2091.406
OECDEUR,ENTRIES,NATGASCM,GERMANY,YTD2021,77869.647
OECDEUR,ENTRIES,NATGASCM,GERMANY,YTD2022,56242.396
OECDEUR,ENTRIES,NATGASCM,INDONESIA,4Q2022,87.99
OECDEUR,ENTRIES,NATGASCM,INDONESIA,DEC2022,87.99
OECDEUR,ENTRIES,NATGASCM,INDONESIA,YTD2022,111.67
OECDEUR,ENTRIES,NATGASCM,MALAYSIA,YTD2022,6.976
OECDEUR,ENTRIES,NATGASCM,NIGERIA,2020,17829.224
OECDEUR,ENTRIES,NATGASCM,NIGERIA,2021,15029.966
OECDEUR,ENTRIES,NATGASCM,NIGERIA,4Q2022,3409.925
OECDEUR,ENTRIES,NATGASCM,NIGERIA,DEC2021,1380.843
OECDEUR,ENTRIES,NATGASCM,NIGERIA,DEC2022,1177.851
OECDEUR,ENTRIES,NATGASCM,NIGERIA,YTD2021,15029.966
OECDEUR,ENTRIES,NATGASCM,NIGERIA,YTD2022,14496.661
OECDEUR,ENTRIES,NATGASCM,NORWAY,2020,111974.01
OECDEUR,ENTRIES,NATGASCM,NORWAY,2021,118595.72
OECDEUR,ENTRIES,NATGASCM,NORWAY,4Q2022,32526.069
OECDEUR,ENTRIES,NATGASCM,NORWAY,DEC2021,11366.128
OECDEUR,ENTRIES,NATGASCM,NORWAY,DEC2022,11447.967
OECDEUR,ENTRIES,NATGASCM,NORWAY,YTD2021,118595.72
OECDEUR,ENTRIES,NATGASCM,NORWAY,YTD2022,124398.228
OECDEUR,ENTRIES,NATGASCM,OMAN,2021,0.024
OECDEUR,ENTRIES,NATGASCM,OMAN,4Q2022,363.972
OECDEUR,ENTRIES,NATGASCM,OMAN,DEC2021,0.002
OECDEUR,ENTRIES,NATGASCM,OMAN,YTD2021,0.024
OECDEUR,ENTRIES,NATGASCM,OMAN,YTD2022,833.55
OECDEUR,ENTRIES,NATGASCM,OTHENT,2020,34188.24
OECDEUR,ENTRIES,NATGASCM,OTHENT,2021,39692.848
OECDEUR,ENTRIES,NATGASCM,OTHENT,4Q2022,16970.839
OECDEUR,ENTRIES,NATGASCM,OTHENT,DEC2021,4379.121
OECDEUR,ENTRIES,NATGASCM,OTHENT,DEC2022,6885.027
OECDEUR,ENTRIES,NATGASCM,OTHENT,YTD2021,39692.848
OECDEUR,ENTRIES,NATGASCM,OTHENT,YTD2022,55857.739
OECDEUR,ENTRIES,NATGASCM,OTHOECD,2020,65968.72
OECDEUR,ENTRIES,NATGASCM,OTHOECD,2021,75439.9
OECDEUR,ENTRIES,NATGASCM,OTHOECD,4Q2022,9926.669
OECDEUR,ENTRIES,NATGASCM,OTHOECD,DEC2021,4481.053
OECDEUR,ENTRIES,NATGASCM,OTHOECD,DEC2022,3305.816
OECDEUR,ENTRIES,NATGASCM,OTHOECD,YTD2021,75439.9
OECDEUR,ENTRIES,NATGASCM,OTHOECD,YTD2022,43813.43
OECDEUR,ENTRIES,NATGASCM,QATAR,2020,29847.076
OECDEUR,ENTRIES,NATGASCM,QATAR,2021,22447.666
OECDEUR,ENTRIES,NATGASCM,QATAR,4Q2022,8987.558
OECDEUR,ENTRIES,NATGASCM,QATAR,DEC2021,1648.354
OECDEUR,ENTRIES,NATGASCM,QATAR,DEC2022,2538.668
OECDEUR,ENTRIES,NATGASCM,QATAR,YTD2021,22447.666
OECDEUR,ENTRIES,NATGASCM,QATAR,YTD2022,33247.505
OECDEUR,ENTRIES,NATGASCM,RUSSIA,2020,93659.423
OECDEUR,ENTRIES,NATGASCM,RUSSIA,2021,104304.741
OECDEUR,ENTRIES,NATGASCM,RUSSIA,4Q2022,7498.173
OECDEUR,ENTRIES,NATGASCM,RUSSIA,DEC2021,9212.098
OECDEUR,ENTRIES,NATGASCM,RUSSIA,DEC2022,3430.143
OECDEUR,ENTRIES,NATGASCM,RUSSIA,YTD2021,104304.741
OECDEUR,ENTRIES,NATGASCM,RUSSIA,YTD2022,68893.987
OECDEUR,ENTRIES,NATGASCM,SLOVAKIA,2020,39472.335
OECDEUR,ENTRIES,NATGASCM,SLOVAKIA,2021,36453.746
OECDEUR,ENTRIES,NATGASCM,SLOVAKIA,4Q2022,3051.785
OECDEUR,ENTRIES,NATGASCM,SLOVAKIA,DEC2021,3288.144
OECDEUR,ENTRIES,NATGASCM,SLOVAKIA,DEC2022,1342.123
OECDEUR,ENTRIES,NATGASCM,SLOVAKIA,YTD2021,36453.746
OECDEUR,ENTRIES,NATGASCM,SLOVAKIA,YTD2022,19060.738
OECDEUR,ENTRIES,NATGASCM,SWITLAND,2020,8600.0
OECDEUR,ENTRIES,NATGASCM,SWITLAND,2021,2197.315
OECDEUR,ENTRIES,NATGASCM,SWITLAND,4Q2022,2152.872
OECDEUR,ENTRIES,NATGASCM,SWITLAND,DEC2021,640.281
OECDEUR,ENTRIES,NATGASCM,SWITLAND,DEC2022,687.866
OECDEUR,ENTRIES,NATGASCM,SWITLAND,YTD2021,2197.315
OECDEUR,ENTRIES,NATGASCM,SWITLAND,YTD2022,9147.948
OECDEUR,ENTRIES,NATGASCM,TOTENTST,2020,733135.844
OECDEUR,ENTRIES,NATGASCM,TOTENTST,2021,737248.147
OECDEUR,ENTRIES,NATGASCM,TOTENTST,4Q2022,160635.511
OECDEUR,ENTRIES,NATGASCM,TOTENTST,DEC2021,65611.028
OECDEUR,ENTRIES,NATGASCM,TOTENTST,DEC2022,56961.884
OECDEUR,ENTRIES,NATGASCM,TOTENTST,YTD2021,737248.147
OECDEUR,ENTRIES,NATGASCM,TOTENTST,YTD2022,696789.388
OECDEUR,ENTRIES,NATGASCM,TUNISIA,2020,12026.0
OECDEUR,ENTRIES,NATGASCM,TUNISIA,2021,21169.0
OECDEUR,ENTRIES,NATGASCM,TUNISIA,4Q2022,6223.0
OECDEUR,ENTRIES,NATGASCM,TUNISIA,DEC2021,1943.0
OECDEUR,ENTRIES,NATGASCM,TUNISIA,DEC2022,2301.0
OECDEUR,ENTRIES,NATGASCM,TUNISIA,YTD2021,21169.0
OECDEUR,ENTRIES,NATGASCM,TUNISIA,YTD2022,23554.3
OECDEUR,ENTRIES,NATGASCM,UK,2020,10018.819
OECDEUR,ENTRIES,NATGASCM,UK,2021,7662.281
OECDEUR,ENTRIES,NATGASCM,UK,4Q2022,5767.954
OECDEUR,ENTRIES,NATGASCM,UK,DEC2021,761.152
OECDEUR,ENTRIES,NATGASCM,UK,DEC2022,1622.962
OECDEUR,ENTRIES,NATGASCM,UK,YTD2021,7662.281
OECDEUR,ENTRIES,NATGASCM,UK,YTD2022,24381.204
OECDEUR,ENTRIES,NATGASCM,UKRAINE,2020,44177.309
OECDEUR,ENTRIES,NATGASCM,UKRAINE,2021,37559.414
OECDEUR,ENTRIES,NATGASCM,UKRAINE,4Q2022,3496.228
OECDEUR,ENTRIES,NATGASCM,UKRAINE,DEC2021,3119.81
OECDEUR,ENTRIES,NATGASCM,UKRAINE,DEC2022,1313.433
OECDEUR,ENTRIES,NATGASCM,UKRAINE,YTD2021,37559.414
OECDEUR,ENTRIES,NATGASCM,UKRAINE,YTD2022,17387.88
OECDEUR,ENTRIES,NATGASCM,USA,2020,21844.703
OECDEUR,ENTRIES,NATGASCM,USA,2021,23077.955
OECDEUR,ENTRIES,NATGASCM,USA,4Q2022,13819.29
OECDEUR,ENTRIES,NATGASCM,USA,DEC2021,3609.087
OECDEUR,ENTRIES,NATGASCM,USA,DEC2022,5185.978
OECDEUR,ENTRIES,NATGASCM,USA,YTD2021,23077.955
OECDEUR,ENTRIES,NATGASCM,USA,YTD2022,53232.305
OECDTOT,ENTRIES,NATGASCM,ALGERIA,2020,22710.13
OECDTOT,ENTRIES,NATGASCM,ALGERIA,2021,27429.777
OECDTOT,ENTRIES,NATGASCM,ALGERIA,4Q2022,10282.709
OECDTOT,ENTRIES,NATGASCM,ALGERIA,DEC2021,2423.461
OECDTOT,ENTRIES,NATGASCM,ALGERIA,DEC2022,4136.763
OECDTOT,ENTRIES,NATGASCM,ALGERIA,YTD2021,27429.777
OECDTOT,ENTRIES,NATGASCM,ALGERIA,YTD2022,37704.306
OECDTOT,ENTRIES,NATGASCM,AUSTRALI,2020,52200.219
OECDTOT,ENTRIES,NATGASCM,AUSTRALI,2021,48178.042
OECDTOT,ENTRIES,NATGASCM,AUSTRALI,4Q2022,14546.912
OECDTOT,ENTRIES,NATGASCM,AUSTRALI,DEC2021,4680.937
OECDTOT,ENTRIES,NATGASCM,AUSTRALI,DEC2022,4793.798
OECDTOT,ENTRIES,NATGASCM,AUSTRALI,YTD2021,48178.042
OECDTOT,ENTRIES,NATGASCM,AUSTRALI,YTD2022,56526.057
OECDTOT,ENTRIES,NATGASCM,BELARUS,2020,36619.545
OECDTOT,ENTRIES,NATGASCM,BELARUS,2021,33429.17
OECDTOT,ENTRIES,NATGASCM,BELARUS,4Q2022,494.2
OECDTOT,ENTRIES,NATGASCM,BELARUS,DEC2021,1640.886
OECDTOT,ENTRIES,NATGASCM,BELARUS,DEC2022,231.8
OECDTOT,ENTRIES,NATGASCM,BELARUS,YTD2021,33429.17
OECDTOT,ENTRIES,NATGASCM,BELARUS,YTD2022,4861.036
OECDTOT,ENTRIES,NATGASCM,BELGIUM,2020,20435.47
OECDTOT,ENTRIES,NATGASCM,BELGIUM,2021,19602.661
OECDTOT,ENTRIES,NATGASCM,BELGIUM,4Q2022,11296.986
OECDTOT,ENTRIES,NATGASCM,BELGIUM,DEC2021,1624.559
OECDTOT,ENTRIES,NATGASCM,BELGIUM,DEC2022,3615.258
OECDTOT,ENTRIES,NATGASCM,BELGIUM,YTD2021,19602.661
OECDTOT,ENTRIES,NATGASCM,BELGIUM,YTD2022,43151.089
OECDTOT,ENTRIES,NATGASCM,BULGARIA,2020,2393.769
OECDTOT,ENTRIES,NATGASCM,BULGARIA,2021,2604.046
OECDTOT,ENTRIES,NATGASCM,BULGARIA,4Q2022,70.198
OECDTOT,ENTRIES,NATGASCM,BULGARIA,DEC2021,206.878
OECDTOT,ENTRIES,NATGASCM,BULGARIA,DEC2022,65.588
OECDTOT,ENTRIES,NATGASCM,BULGARIA,YTD2021,2604.046
OECDTOT,ENTRIES,NATGASCM,BULGARIA,YTD2022,816.425
OECDTOT,ENTRIES,NATGASCM,CANADA,2020,70799.0
OECDTOT,ENTRIES,NATGASCM,CANADA,2021,78859.0
OECDTOT,ENTRIES,NATGASCM,CANADA,4Q2022,21919.0
OECDTOT,ENTRIES,NATGASCM,CANADA,DEC2021,7106.0
OECDTOT,ENTRIES,NATGASCM,CANADA,DEC2022,8211.0
OECDTOT,ENTRIES,NATGASCM,CANADA,YTD2021,78859.0
OECDTOT,ENTRIES,NATGASCM,CANADA,YTD2022,84896.0
OECDTOT,ENTRIES,NATGASCM,FRANCE,2020,10600.766
OECDTOT,ENTRIES,NATGASCM,FRANCE,2021,6867.119
OECDTOT,ENTRIES,NATGASCM,FRANCE,4Q2022,4902.076
OECDTOT,ENTRIES,NATGASCM,FRANCE,DEC2021,1010.657
OECDTOT,ENTRIES,NATGASCM,FRANCE,DEC2022,1496.053
OECDTOT,ENTRIES,NATGASCM,FRANCE,YTD2021,6867.119
OECDTOT,ENTRIES,NATGASCM,FRANCE,YTD2022,16549.41
OECDTOT,ENTRIES,NATGASCM,GERMANY,2020,82556.273
OECDTOT,ENTRIES,NATGASCM,GERMANY,2021,77869.647
OECDTOT,ENTRIES,NATGASCM,GERMANY,4Q2022,7926.691
OECDTOT,ENTRIES,NATGASCM,GERMANY,DEC2021,6050.141
OECDTOT,ENTRIES,NATGASCM,GERMANY,DEC2022,2091.406
OECDTOT,ENTRIES,NATGASCM,GERMANY,YTD2021,77869.647
OECDTOT,ENTRIES,NATGASCM,GERMANY,YTD2022,56242.396
OECDTOT,ENTRIES,NATGASCM,INDONESIA,2020,6844.815
OECDTOT,ENTRIES,NATGASCM,INDONESIA,2021,5469.735
OECDTOT,ENTRIES,NATGASCM,INDONESIA,4Q2022,2077.488
OECDTOT,ENTRIES,NATGASCM,INDONESIA,DEC2021,694.39
OECDTOT,ENTRIES,NATGASCM,INDONESIA,DEC2022,920.222
OECDTOT,ENTRIES,NATGASCM,INDONESIA,YTD2021,5469.735
OECDTOT,ENTRIES,NATGASCM,INDONESIA,YTD2022,7547.997
OECDTOT,ENTRIES,NATGASCM,MALAYSIA,2020,21783.527
OECDTOT,ENTRIES,NATGASCM,MALAYSIA,2021,18614.455
OECDTOT,ENTRIES,NATGASCM,MALAYSIA,4Q2022,5875.469
OECDTOT,ENTRIES,NATGASCM,MALAYSIA,DEC2021,1530.232
OECDTOT,ENTRIES,NATGASCM,MALAYSIA,DEC2022,1860.025
OECDTOT,ENTRIES,NATGASCM,MALAYSIA,YTD2021,18614.455
OECDTOT,ENTRIES,NATGASCM,MALAYSIA,YTD2022,23156.878
OECDTOT,ENTRIES,NATGASCM,NIGERIA,2020,20421.462
OECDTOT,ENTRIES,NATGASCM,NIGERIA,2021,17091.037
OECDTOT,ENTRIES,NATGASCM,NIGERIA,4Q2022,3799.997
OECDTOT,ENTRIES,NATGASCM,NIGERIA,DEC2021,1582.381
OECDTOT,ENTRIES,NATGASCM,NIGERIA,DEC2022,1332.204
OECDTOT,ENTRIES,NATGASCM,NIGERIA,YTD2021,17091.037
OECDTOT,ENTRIES,NATGASCM,NIGERIA,YTD2022,16491.926
OECDTOT,ENTRIES,NATGASCM,NORWAY,2020,112060.01
OECDTOT,ENTRIES,NATGASCM,NORWAY,2021,118595.72
OECDTOT,ENTRIES,NATGASCM,NORWAY,4Q2022,32526.069
OECDTOT,ENTRIES,NATGASCM,NORWAY,DEC2021,11366.128
OECDTOT,ENTRIES,NATGASCM,NORWAY,DEC2022,11447.967
OECDTOT,ENTRIES,NATGASCM,NORWAY,YTD2021,118595.72
OECDTOT,ENTRIES,NATGASCM,NORWAY,YTD2022,124398.228
OECDTOT,ENTRIES,NATGASCM,OMAN,2020,9031.537
OECDTOT,ENTRIES,NATGASCM,OMAN,2021,8533.183
OECDTOT,ENTRIES,NATGASCM,OMAN,4Q2022,2727.561
OECDTOT,ENTRIES,NATGASCM,OMAN,DEC2021,823.446
OECDTOT,ENTRIES,NATGASCM,OMAN,DEC2022,806.804
OECDTOT,ENTRIES,NATGASCM,OMAN,YTD2021,8533.183
OECDTOT,ENTRIES,NATGASCM,OMAN,YTD2022,10572.209
OECDTOT,ENTRIES,NATGASCM,OTHENT,2020,63260.064
OECDTOT,ENTRIES,NATGASCM,OTHENT,2021,64997.736
OECDTOT,ENTRIES,NATGASCM,OTHENT,4Q2022,22957.727
OECDTOT,ENTRIES,NATGASCM,OTHENT,DEC2021,6522.869
OECDTOT,ENTRIES,NATGASCM,OTHENT,DEC2022,8825.957
OECDTOT,ENTRIES,NATGASCM,OTHENT,YTD2021,64997.736
OECDTOT,ENTRIES,NATGASCM,OTHENT,YTD2022,80431.691
OECDTOT,ENTRIES,NATGASCM,OTHOECD,2020,66018.72
OECDTOT,ENTRIES,NATGASCM,OTHOECD,2021,75503.9
OECDTOT,ENTRIES,NATGASCM,OTHOECD,4Q2022,9932.669
OECDTOT,ENTRIES,NATGASCM,OTHOECD,DEC2021,4483.053
OECDTOT,ENTRIES,NATGASCM,OTHOECD,DEC2022,3309.816
OECDTOT,ENTRIES,NATGASCM,OTHOECD,YTD2021,75503.9
OECDTOT,ENTRIES,NATGASCM,OTHOECD,YTD2022,43845.43
OECDTOT,ENTRIES,NATGASCM,QATAR,2020,54764.64
OECDTOT,ENTRIES,NATGASCM,QATAR,2021,49670.765
OECDTOT,ENTRIES,NATGASCM,QATAR,4Q2022,13314.722
OECDTOT,ENTRIES,NATGASCM,QATAR,DEC2021,4096.444
OECDTOT,ENTRIES,NATGASCM,QATAR,DEC2022,4470.493
OECDTOT,ENTRIES,NATGASCM,QATAR,YTD2021,49670.765
OECDTOT,ENTRIES,NATGASCM,QATAR,YTD2022,50096.278
OECDTOT,ENTRIES,NATGASCM,RUSSIA,2020,105098.523
OECDTOT,ENTRIES,NATGASCM,RUSSIA,2021,116225.354
OECDTOT,ENTRIES,NATGASCM,RUSSIA,4Q2022,10244.857
OECDTOT,ENTRIES,NATGASCM,RUSSIA,DEC2021,10406.217
OECDTOT,ENTRIES,NATGASCM,RUSSIA,DEC2022,4458.998
OECDTOT,ENTRIES,NATGASCM,RUSSIA,YTD2021,116225.354
OECDTOT,ENTRIES,NATGASCM,RUSSIA,YTD2022,80436.608
OECDTOT,ENTRIES,NATGASCM,SLOVAKIA,2020,39472.335
OECDTOT,ENTRIES,NATGASCM,SLOVAKIA,2021,36453.746
OECDTOT,ENTRIES,NATGASCM,SLOVAKIA,4Q2022,3051.785
OECDTOT,ENTRIES,NATGASCM,SLOVAKIA,DEC2021,3288.144
OECDTOT,ENTRIES,NATGASCM,SLOVAKIA,DEC2022,1342.123
OECDTOT,ENTRIES,NATGASCM,SLOVAKIA,YTD2021,36453.746
OECDTOT,ENTRIES,NATGASCM,SLOVAKIA,YTD2022,19060.738
OECDTOT,ENTRIES,NATGASCM,SWITLAND,2020,8600.0
OECDTOT,ENTRIES,NATGASCM,SWITLAND,2021,2197.315
OECDTOT,ENTRIES,NATGASCM,SWITLAND,4Q2022,2152.872
OECDTOT,ENTRIES,NATGASCM,SWITLAND,DEC2021,640.281
OECDTOT,ENTRIES,NATGASCM,SWITLAND,DEC2022,687.866
OECDTOT,ENTRIES,NATGASCM,SWITLAND,YTD2021,2197.315
OECDTOT,ENTRIES,NATGASCM,SWITLAND,YTD2022,9147.948
OECDTOT,ENTRIES,NATGASCM,TOTENTST,2020,1010844.374
OECDTOT,ENTRIES,NATGASCM,TOTENTST,2021,1020752.356
OECDTOT,ENTRIES,NATGASCM,TOTENTST,4Q2022,231605.666
OECDTOT,ENTRIES,NATGASCM,TOTENTST,DEC2021,92018.122
OECDTOT,ENTRIES,NATGASCM,TOTENTST,DEC2022,82575.841
OECDTOT,ENTRIES,NATGASCM,TOTENTST,YTD2021,1020752.356
OECDTOT,ENTRIES,NATGASCM,TOTENTST,YTD2022,977322.624
OECDTOT,ENTRIES,NATGASCM,TUNISIA,2020,12026.0
OECDTOT,ENTRIES,NATGASCM,TUNISIA,2021,21169.0
OECDTOT,ENTRIES,NATGASCM,TUNISIA,4Q2022,6223.0
OECDTOT,ENTRIES,NATGASCM,TUNISIA,DEC2021,1943.0
OECDTOT,ENTRIES,NATGASCM,TUNISIA,DEC2022,2301.0
OECDTOT,ENTRIES,NATGASCM,TUNISIA,YTD2021,21169.0
OECDTOT,ENTRIES,NATGASCM,TUNISIA,YTD2022,23554.3
OECDTOT,ENTRIES,NATGASCM,UK,2020,10018.819
OECDTOT,ENTRIES,NATGASCM,UK,2021,7662.281
OECDTOT,ENTRIES,NATGASCM,UK,4Q2022,5767.954
OECDTOT,ENTRIES,NATGASCM,UK,DEC2021,761.152
OECDTOT,ENTRIES,NATGASCM,UK,DEC2022,1622.962
OECDTOT,ENTRIES,NATGASCM,UK,YTD2021,7662.281
OECDTOT,ENTRIES,NATGASCM,UK,YTD2022,24381.204
OECDTOT,ENTRIES,NATGASCM,UKRAINE,2020,44177.309
OECDTOT,ENTRIES,NATGASCM,UKRAINE,2021,37559.414
OECDTOT,ENTRIES,NATGASCM,UKRAINE,4Q2022,3496.228
OECDTOT,ENTRIES,NATGASCM,UKRAINE,DEC2021,3119.81
OECDTOT,ENTRIES,NATGASCM,UKRAINE,DEC2022,1313.433
OECDTOT,ENTRIES,NATGASCM,UKRAINE,YTD2021,37559.414
OECDTOT,ENTRIES,NATGASCM,UKRAINE,YTD2022,17387.88
OECDTOT,ENTRIES,NATGASCM,USA,2020,70484.409
OECDTOT,ENTRIES,NATGASCM,USA,2021,79698.002
OECDTOT,ENTRIES,NATGASCM,USA,4Q2022,24577.972
OECDTOT,ENTRIES,NATGASCM,USA,DEC2021,9075.004
OECDTOT,ENTRIES,NATGASCM,USA,DEC2022,9155.664
OECDTOT,ENTRIES,NATGASCM,USA,YTD2021,79698.002
OECDTOT,ENTRIES,NATGASCM,USA,YTD2022,96540.974
OECDAM,EXITS,NATGASCM,BELGIUM,2020,904.0
OECDAM,EXITS,NATGASCM,BELGIUM,2021,158.0
OECDAM,EXITS,NATGASCM,BELGIUM,4Q2022,297.0
OECDAM,EXITS,NATGASCM,BELGIUM,DEC2022,93.0
OECDAM,EXITS,NATGASCM,BELGIUM,YTD2021,158.0
OECDAM,EXITS,NATGASCM,BELGIUM,YTD2022,2273.0
OECDAM,EXITS,NATGASCM,CANADA,2020,25597.0
OECDAM,EXITS,NATGASCM,CANADA,2021,26545.0
OECDAM,EXITS,NATGASCM,CANADA,4Q2022,7410.0
OECDAM,EXITS,NATGASCM,CANADA,DEC2021,3075.0
OECDAM,EXITS,NATGASCM,CANADA,DEC2022,2795.0
OECDAM,EXITS,NATGASCM,CANADA,YTD2021,26545.0
OECDAM,EXITS,NATGASCM,CANADA,YTD2022,26968.0
OECDAM,EXITS,NATGASCM,FRANCE,2020,2555.0
OECDAM,EXITS,NATGASCM,FRANCE,2021,4837.0
OECDAM,EXITS,NATGASCM,FRANCE,4Q2022,3707.0
OECDAM,EXITS,NATGASCM,FRANCE,DEC2021,960.0
OECDAM,EXITS,NATGASCM,FRANCE,DEC2022,1085.0
OECDAM,EXITS,NATGASCM,FRANCE,YTD2021,4837.0
OECDAM,EXITS,NATGASCM,FRANCE,YTD2022,16180.0
OECDAM,EXITS,NATGASCM,GERMANY,4Q2022,201.0
OECDAM,EXITS,NATGASCM,GERMANY,DEC2022,201.0
OECDAM,EXITS,NATGASCM,GERMANY,YTD2022,201.0
OECDAM,EXITS,NATGASCM,ITALY,2020,1940.0
OECDAM,EXITS,NATGASCM,ITALY,2021,968.0
OECDAM,EXITS,NATGASCM,ITALY,4Q2022,289.0
OECDAM,EXITS,NATGASCM,ITALY,DEC2022,198.0
OECDAM,EXITS,NATGASCM,ITALY,YTD2021,968.0
OECDAM,EXITS,NATGASCM,ITALY,YTD2022,3286.0
OECDAM,EXITS,NATGASCM,JAPAN,2020,8158.0
OECDAM,EXITS,NATGASCM,JAPAN,2021,10052.0
OECDAM,EXITS,NATGASCM,JAPAN,4Q2022,1667.0
OECDAM,EXITS,NATGASCM,JAPAN,DEC2021,688.0
OECDAM,EXITS,NATGASCM,JAPAN,DEC2022,673.0
OECDAM,EXITS,NATGASCM,JAPAN,YTD2021,10052.0
OECDAM,EXITS,NATGASCM,JAPAN,YTD2022,6017.0
OECDAM,EXITS,NATGASCM,MEXICO,2020,57371.0
OECDAM,EXITS,NATGASCM,MEXICO,2021,61473.0
OECDAM,EXITS,NATGASCM,MEXICO,4Q2022,13944.0
OECDAM,EXITS,NATGASCM,MEXICO,DEC2021,4732.0
OECDAM,EXITS,NATGASCM,MEXICO,DEC2022,4512.0
OECDAM,EXITS,NATGASCM,MEXICO,YTD2021,61473.0
OECDAM,EXITS,NATGASCM,MEXICO,YTD2022,58891.0
OECDAM,EXITS,NATGASCM,NETHLAND,2020,2423.0
OECDAM,EXITS,NATGASCM,NETHLAND,2021,4936.0
OECDAM,EXITS,NATGASCM,NETHLAND,4Q2022,2839.0
OECDAM,EXITS,NATGASCM,NETHLAND,DEC2021,661.0
OECDAM,EXITS,NATGASCM,NETHLAND,DEC2022,1130.0
OECDAM,EXITS,NATGASCM,NETHLAND,YTD2021,4936.0
OECDAM,EXITS,NATGASCM,NETHLAND,YTD2022,10714.0
OECDAM,EXITS,NATGASCM,OTHEXT,2020,21014.72
OECDAM,EXITS,NATGASCM,OTHEXT,2021,40448.219
OECDAM,EXITS,NATGASCM,OTHEXT,4Q2022,4370.241
OECDAM,EXITS,NATGASCM,OTHEXT,DEC2021,1957.0
OECDAM,EXITS,NATGASCM,OTHEXT,DEC2022,1235.0
OECDAM,EXITS,NATGASCM,OTHEXT,YTD2021,40448.219
OECDAM,EXITS,NATGASCM,OTHEXT,YTD2022,21208.241
OECDAM,EXITS,NATGASCM,OTHOECD,2020,25146.0
OECDAM,EXITS,NATGASCM,OTHOECD,2021,33439.0
OECDAM,EXITS,NATGASCM,OTHOECD,4Q2022,8129.0
OECDAM,EXITS,NATGASCM,OTHOECD,DEC2021,3802.0
OECDAM,EXITS,NATGASCM,OTHOECD,DEC2022,3026.0
OECDAM,EXITS,NATGASCM,OTHOECD,YTD2021,33439.0
OECDAM,EXITS,NATGASCM,OTHOECD,YTD2022,36272.0
OECDAM,EXITS,NATGASCM,TOTEXTST,2020,220582.912
OECDAM,EXITS,NATGASCM,TOTEXTST,2021,267948.218
OECDAM,EXITS,NATGASCM,TOTEXTST,4Q2022,70293.586
OECDAM,EXITS,NATGASCM,TOTEXTST,DEC2021,24665.377
OECDAM,EXITS,NATGASCM,TOTEXTST,DEC2022,25122.881
OECDAM,EXITS,NATGASCM,TOTEXTST,YTD2021,267948.218
OECDAM,EXITS,NATGASCM,TOTEXTST,YTD2022,281219.02
OECDAM,EXITS,NATGASCM,UK,2020,4537.0
OECDAM,EXITS,NATGASCM,UK,2021,5523.0
OECDAM,EXITS,NATGASCM,UK,4Q2022,5439.0
OECDAM,EXITS,NATGASCM,UK,DEC2021,1708.0
OECDAM,EXITS,NATGASCM,UK,DEC2022,1963.0
OECDAM,EXITS,NATGASCM,UK,YTD2021,5523.0
OECDAM,EXITS,NATGASCM,UK,YTD2022,13151.0
OECDAM,EXITS,NATGASCM,USA,2020,70937.192
OECDAM,EXITS,NATGASCM,USA,2021,79568.999
OECDAM,EXITS,NATGASCM,USA,4Q2022,22001.345
OECDAM,EXITS,NATGASCM,USA,DEC2021,7082.377
OECDAM,EXITS,NATGASCM,USA,DEC2022,8211.881
OECDAM,EXITS,NATGASCM,USA,YTD2021,79568.999
OECDAM,EXITS,NATGASCM,USA,YTD2022,86057.779
OECDAO,EXITS,NATGASCM,JAPAN,2020,41930.601
OECDAO,EXITS,NATGASCM,JAPAN,2021,37655.158
OECDAO,EXITS,NATGASCM,JAPAN,4Q2022,9971.0
OECDAO,EXITS,NATGASCM,JAPAN,DEC2021,3328.612
OECDAO,EXITS,NATGASCM,JAPAN,DEC2022,3448.0
OECDAO,EXITS,NATGASCM,JAPAN,YTD2021,37655.158
OECDAO,EXITS,NATGASCM,JAPAN,YTD2022,40810.115
OECDAO,EXITS,NATGASCM,OTHEXT,2020,53969.399
OECDAO,EXITS,NATGASCM,OTHEXT,2021,62696.842
OECDAO,EXITS,NATGASCM,OTHEXT,4Q2022,14959.0
OECDAO,EXITS,NATGASCM,OTHEXT,DEC2021,5299.388
OECDAO,EXITS,NATGASCM,OTHEXT,DEC2022,5089.0
OECDAO,EXITS,NATGASCM,OTHEXT,YTD2021,62696.842
OECDAO,EXITS,NATGASCM,OTHEXT,YTD2022,57468.885
OECDAO,EXITS,NATGASCM,OTHOECD,2020,10122.0
OECDAO,EXITS,NATGASCM,OTHOECD,2021,12487.0
OECDAO,EXITS,NATGASCM,OTHOECD,4Q2022,4356.0
OECDAO,EXITS,NATGASCM,OTHOECD,DEC2021,1137.0
OECDAO,EXITS,NATGASCM,OTHOECD,DEC2022,1346.0
OECDAO,EXITS,NATGASCM,OTHOECD,YTD2021,12487.0
OECDAO,EXITS,NATGASCM,OTHOECD,YTD2022,15278.0
OECDAO,EXITS,NATGASCM,TOTEXTST,2020,106022.0
OECDAO,EXITS,NATGASCM,TOTEXTST,2021,112839.0
OECDAO,EXITS,NATGASCM,TOTEXTST,4Q2022,29286.0
OECDAO,EXITS,NATGASCM,TOTEXTST,DEC2021,9765.0
OECDAO,EXITS,NATGASCM,TOTEXTST,DEC2022,9883.0
OECDAO,EXITS,NATGASCM,TOTEXTST,YTD2021,112839.0
OECDAO,EXITS,NATGASCM,TOTEXTST,YTD2022,113557.0
OECDEUR,EXITS,NATGASCM,AUSTRIA,2020,43536.759
OECDEUR,EXITS,NATGASCM,AUSTRIA,2021,40426.487
OECDEUR,EXITS,NATGASCM,AUSTRIA,4Q2022,5192.039
OECDEUR,EXITS,NATGASCM,AUSTRIA,DEC2021,3669.352
OECDEUR,EXITS,NATGASCM,AUSTRIA,DEC2022,1646.047
OECDEUR,EXITS,NATGASCM,AUSTRIA,YTD2021,40426.487
OECDEUR,EXITS,NATGASCM,AUSTRIA,YTD2022,29849.058
OECDEUR,EXITS,NATGASCM,BELGIUM,2020,33907.342
OECDEUR,EXITS,NATGASCM,BELGIUM,2021,33141.158
OECDEUR,EXITS,NATGASCM,BELGIUM,4Q2022,11685.853
OECDEUR,EXITS,NATGASCM,BELGIUM,DEC2021,3386.761
OECDEUR,EXITS,NATGASCM,BELGIUM,DEC2022,3974.653
OECDEUR,EXITS,NATGASCM,BELGIUM,YTD2021,33141.158
OECDEUR,EXITS,NATGASCM,BELGIUM,YTD2022,45213.401
OECDEUR,EXITS,NATGASCM,CZECH,2020,42560.231
OECDEUR,EXITS,NATGASCM,CZECH,2021,46507.974
OECDEUR,EXITS,NATGASCM,CZECH,4Q2022,2864.143
OECDEUR,EXITS,NATGASCM,CZECH,DEC2021,2964.093
OECDEUR,EXITS,NATGASCM,CZECH,DEC2022,597.04
OECDEUR,EXITS,NATGASCM,CZECH,YTD2021,46507.974
OECDEUR,EXITS,NATGASCM,CZECH,YTD2022,27699.12
OECDEUR,EXITS,NATGASCM,FRANCE,2020,32982.536
OECDEUR,EXITS,NATGASCM,FRANCE,2021,32283.843
OECDEUR,EXITS,NATGASCM,FRANCE,4Q2022,6110.415
OECDEUR,EXITS,NATGASCM,FRANCE,DEC2021,2902.36
OECDEUR,EXITS,NATGASCM,FRANCE,DEC2022,1889.033
OECDEUR,EXITS,NATGASCM,FRANCE,YTD2021,32283.843
OECDEUR,EXITS,NATGASCM,FRANCE,YTD2022,26485.448
OECDEUR,EXITS,NATGASCM,GERMANY,2020,124442.753
OECDEUR,EXITS,NATGASCM,GERMANY,2021,127889.874
OECDEUR,EXITS,NATGASCM,GERMANY,4Q2022,31788.787
OECDEUR,EXITS,NATGASCM,GERMANY,DEC2021,10294.832
OECDEUR,EXITS,NATGASCM,GERMANY,DEC2022,10914.185
OECDEUR,EXITS,NATGASCM,GERMANY,YTD2021,127889.874
OECDEUR,EXITS,NATGASCM,GERMANY,YTD2022,124728.372
OECDEUR,EXITS,NATGASCM,ITALY,2020,36308.458
OECDEUR,EXITS,NATGASCM,ITALY,2021,29762.395
OECDEUR,EXITS,NATGASCM,ITALY,4Q2022,1927.058
OECDEUR,EXITS,NATGASCM,ITALY,DEC2021,3285.108
OECDEUR,EXITS,NATGASCM,ITALY,DEC2022,780.571
OECDEUR,EXITS,NATGASCM,ITALY,YTD2021,29762.395
OECDEUR,EXITS,NATGASCM,ITALY,YTD2022,18456.546
OECDEUR,EXITS,NATGASCM,JAPAN,YTD2022,96.3
OECDEUR,EXITS,NATGASCM,NETHLAND,2020,23893.085
OECDEUR,EXITS,NATGASCM,NETHLAND,2021,16900.932
OECDEUR,EXITS,NATGASCM,NETHLAND,4Q2022,5560.587
OECDEUR,EXITS,NATGASCM,NETHLAND,DEC2021,928.605
OECDEUR,EXITS,NATGASCM,NETHLAND,DEC2022,1669.364
OECDEUR,EXITS,NATGASCM,NETHLAND,YTD2021,16900.932
OECDEUR,EXITS,NATGASCM,NETHLAND,YTD2022,22123.559
OECDEUR,EXITS,NATGASCM,OTHEXT,2020,22372.059
OECDEUR,EXITS,NATGASCM,OTHEXT,2021,16237.013
OECDEUR,EXITS,NATGASCM,OTHEXT,4Q2022,6539.96
OECDEUR,EXITS,NATGASCM,OTHEXT,DEC2021,1628.61
OECDEUR,EXITS,NATGASCM,OTHEXT,DEC2022,2053.198
OECDEUR,EXITS,NATGASCM,OTHEXT,YTD2021,16237.013
OECDEUR,EXITS,NATGASCM,OTHEXT,YTD2022,21155.111
OECDEUR,EXITS,NATGASCM,OTHOECD,2020,53685.552
OECDEUR,EXITS,NATGASCM,OTHOECD,2021,35847.713
OECDEUR,EXITS,NATGASCM,OTHOECD,4Q2022,11539.825
OECDEUR,EXITS,NATGASCM,OTHOECD,DEC2021,3605.974
OECDEUR,EXITS,NATGASCM,OTHOECD,DEC2022,3291.445
OECDEUR,EXITS,NATGASCM,OTHOECD,YTD2021,35847.713
OECDEUR,EXITS,NATGASCM,OTHOECD,YTD2022,46286.512
OECDEUR,EXITS,NATGASCM,TOTEXTST,2020,441722.997
OECDEUR,EXITS,NATGASCM,TOTEXTST,2021,413730.63
OECDEUR,EXITS,NATGASCM,TOTEXTST,4Q2022,90756.913
OECDEUR,EXITS,NATGASCM,TOTEXTST,DEC2021,36339.226
OECDEUR,EXITS,NATGASCM,TOTEXTST,DEC2022,29923.12
OECDEUR,EXITS,NATGASCM,TOTEXTST,YTD2021,413730.63
OECDEUR,EXITS,NATGASCM,TOTEXTST,YTD2022,389746.734
OECDEUR,EXITS,NATGASCM,UK,2020,27948.222
OECDEUR,EXITS,NATGASCM,UK,2021,34646.345
OECDEUR,EXITS,NATGASCM,UK,4Q2022,7548.246
OECDEUR,EXITS,NATGASCM,UK,DEC2021,3673.531
OECDEUR,EXITS,NATGASCM,UK,DEC2022,3107.584
OECDEUR,EXITS,NATGASCM,UK,YTD2021,34646.345
OECDEUR,EXITS,NATGASCM,UK,YTD2022,27647.112
OECDEUR,EXITS,NATGASCM,USA,2020,86.0
OECDEUR,EXITS,NATGASCM,USA,2021,86.896
OECDEUR,EXITS,NATGASCM,USA,YTD2021,86.896
OECDEUR,EXITS,NATGASCM,USA,YTD2022,6.195
OECDTOT,EXITS,NATGASCM,AUSTRIA,2020,43536.759
OECDTOT,EXITS,NATGASCM,AUSTRIA,2021,40426.487
OECDTOT,EXITS,NATGASCM,AUSTRIA,4Q2022,5192.039
OECDTOT,EXITS,NATGASCM,AUSTRIA,DEC2021,3669.352
OECDTOT,EXITS,NATGASCM,AUSTRIA,DEC2022,1646.047
OECDTOT,EXITS,NATGASCM,AUSTRIA,YTD2021,40426.487
OECDTOT,EXITS,NATGASCM,AUSTRIA,YTD2022,29849.058
OECDTOT,EXITS,NATGASCM,BELGIUM,2020,34811.342
OECDTOT,EXITS,NATGASCM,BELGIUM,2021,33299.158
OECDTOT,EXITS,NATGASCM,BELGIUM,4Q2022,11982.853
OECDTOT,EXITS,NATGASCM,BELGIUM,DEC2021,3386.761
OECDTOT,EXITS,NATGASCM,BELGIUM,DEC2022,4067.653
OECDTOT,EXITS,NATGASCM,BELGIUM,YTD2021,33299.158
OECDTOT,EXITS,NATGASCM,BELGIUM,YTD2022,47486.401
OECDTOT,EXITS,NATGASCM,CANADA,2020,25597.0
OECDTOT,EXITS,NATGASCM,CANADA,2021,26545.0
OECDTOT,EXITS,NATGASCM,CANADA,4Q2022,7410.0
OECDTOT,EXITS,NATGASCM,CANADA,DEC2021,3075.0
OECDTOT,EXITS,NATGASCM,CANADA,DEC2022,2795.0
OECDTOT,EXITS,NATGASCM,CANADA,YTD2021,26545.0
OECDTOT,EXITS,NATGASCM,CANADA,YTD2022,26968.0
OECDTOT,EXITS,NATGASCM,CZECH,2020,42560.231
OECDTOT,EXITS,NATGASCM,CZECH,2021,46507.974
OECDTOT,EXITS,NATGASCM,CZECH,4Q2022,2864.143
OECDTOT,EXITS,NATGASCM,CZECH,DEC2021,2964.093
OECDTOT,EXITS,NATGASCM,CZECH,DEC2022,597.04
OECDTOT,EXITS,NATGASCM,CZECH,YTD2021,46507.974
OECDTOT,EXITS,NATGASCM,CZECH,YTD2022,27699.12
OECDTOT,EXITS,NATGASCM,FRANCE,2020,35537.536
OECDTOT,EXITS,NATGASCM,FRANCE,2021,37120.843
OECDTOT,EXITS,NATGASCM,FRANCE,4Q2022,9817.415
OECDTOT,EXITS,NATGASCM,FRANCE,DEC2021,3862.36
OECDTOT,EXITS,NATGASCM,FRANCE,DEC2022,2974.033
OECDTOT,EXITS,NATGASCM,FRANCE,YTD2021,37120.843
OECDTOT,EXITS,NATGASCM,FRANCE,YTD2022,42665.448
OECDTOT,EXITS,NATGASCM,GERMANY,2020,124442.753
OECDTOT,EXITS,NATGASCM,GERMANY,2021,127889.874
OECDTOT,EXITS,NATGASCM,GERMANY,4Q2022,31989.787
OECDTOT,EXITS,NATGASCM,GERMANY,DEC2021,10294.832
OECDTOT,EXITS,NATGASCM,GERMANY,DEC2022,11115.185
OECDTOT,EXITS,NATGASCM,GERMANY,YTD2021,127889.874
OECDTOT,EXITS,NATGASCM,GERMANY,YTD2022,124929.372
OECDTOT,EXITS,NATGASCM,ITALY,2020,38248.458
OECDTOT,EXITS,NATGASCM,ITALY,2021,30730.395
OECDTOT,EXITS,NATGASCM,ITALY,4Q2022,2216.058
OECDTOT,EXITS,NATGASCM,ITALY,DEC2021,3285.108
OECDTOT,EXITS,NATGASCM,ITALY,DEC2022,978.571
OECDTOT,EXITS,NATGASCM,ITALY,YTD2021,30730.395
OECDTOT,EXITS,NATGASCM,ITALY,YTD2022,21742.546
OECDTOT,EXITS,NATGASCM,JAPAN,2020,50088.601
OECDTOT,EXITS,NATGASCM,JAPAN,2021,47707.158
OECDTOT,EXITS,NATGASCM,JAPAN,4Q2022,11638.0
OECDTOT,EXITS,NATGASCM,JAPAN,DEC2021,4016.612
OECDTOT,EXITS,NATGASCM,JAPAN,DEC2022,4121.0
OECDTOT,EXITS,NATGASCM,JAPAN,YTD2021,47707.158
OECDTOT,EXITS,NATGASCM,JAPAN,YTD2022,46923.415
OECDTOT,EXITS,NATGASCM,MEXICO,2020,57371.0
OECDTOT,EXITS,NATGASCM,MEXICO,2021,61473.0
OECDTOT,EXITS,NATGASCM,MEXICO,4Q2022,13944.0
OECDTOT,EXITS,NATGASCM,MEXICO,DEC2021,4732.0
OECDTOT,EXITS,NATGASCM,MEXICO,DEC2022,4512.0
OECDTOT,EXITS,NATGASCM,MEXICO,YTD2021,61473.0
OECDTOT,EXITS,NATGASCM,MEXICO,YTD2022,58891.0
OECDTOT,EXITS,NATGASCM,NETHLAND,2020,26316.085
OECDTOT,EXITS,NATGASCM,NETHLAND,2021,21836.932
OECDTOT,EXITS,NATGASCM,NETHLAND,4Q2022,8399.587
OECDTOT,EXITS,NATGASCM,NETHLAND,DEC2021,1589.605
OECDTOT,EXITS,NATGASCM,NETHLAND,DEC2022,2799.364
OECDTOT,EXITS,NATGASCM,NETHLAND,YTD2021,21836.932
OECDTOT,EXITS,NATGASCM,NETHLAND,YTD2022,32837.559
OECDTOT,EXITS,NATGASCM,OTHEXT,2020,97356.178
OECDTOT,EXITS,NATGASCM,OTHEXT,2021,119382.074
OECDTOT,EXITS,NATGASCM,OTHEXT,4Q2022,25869.201
OECDTOT,EXITS,NATGASCM,OTHEXT,DEC2021,8884.998
OECDTOT,EXITS,NATGASCM,OTHEXT,DEC2022,8377.198
OECDTOT,EXITS,NATGASCM,OTHEXT,YTD2021,119382.074
OECDTOT,EXITS,NATGASCM,OTHEXT,YTD2022,99832.237
OECDTOT,EXITS,NATGASCM,OTHOECD,2020,88953.552
OECDTOT,EXITS,NATGASCM,OTHOECD,2021,81773.713
OECDTOT,EXITS,NATGASCM,OTHOECD,4Q2022,24024.825
OECDTOT,EXITS,NATGASCM,OTHOECD,DEC2021,8544.974
OECDTOT,EXITS,NATGASCM,OTHOECD,DEC2022,7663.445
OECDTOT,EXITS,NATGASCM,OTHOECD,YTD2021,81773.713
OECDTOT,EXITS,NATGASCM,OTHOECD,YTD2022,97836.512
OECDTOT,EXITS,NATGASCM,TOTEXTST,2020,768327.909
OECDTOT,EXITS,NATGASCM,TOTEXTST,2021,794517.848
OECDTOT,EXITS,NATGASCM,TOTEXTST,4Q2022,190336.499
OECDTOT,EXITS,NATGASCM,TOTEXTST,DEC2021,70769.603
OECDTOT,EXITS,NATGASCM,TOTEXTST,DEC2022,64929.001
OECDTOT,EXITS,NATGASCM,TOTEXTST,YTD2021,794517.848
OECDTOT,EXITS,NATGASCM,TOTEXTST,YTD2022,784522.754
OECDTOT,EXITS,NATGASCM,UK,2020,32485.222
OECDTOT,EXITS,NATGASCM,UK,2021,40169.345
OECDTOT,EXITS,NATGASCM,UK,4Q2022,12987.246
OECDTOT,EXITS,NATGASCM,UK,DEC2021,5381.531
OECDTOT,EXITS,NATGASCM,UK,DEC2022,5070.584
OECDTOT,EXITS,NATGASCM,UK,YTD2021,40169.345
OECDTOT,EXITS,NATGASCM,UK,YTD2022,40798.112
OECDTOT,EXITS,NATGASCM,USA,2020,71023.192
OECDTOT,EXITS,NATGASCM,USA,2021,79655.895
OECDTOT,EXITS,NATGASCM,USA,4Q2022,22001.345
OECDTOT,EXITS,NATGASCM,USA,DEC2021,7082.377
OECDTOT,EXITS,NATGASCM,USA,DEC2022,8211.881
OECDTOT,EXITS,NATGASCM,USA,YTD2021,79655.895
OECDTOT,EXITS,NATGASCM,USA,YTD2022,86063.974
